,Temperature F,Number of Rides,Weather Description,index1,weekday
2014-07-01 01:00:00,80.22200000000004,33,broken clouds,2014-07-01 01:00:00,Tuesday
2014-07-01 02:00:00,77.43200000000002,21,few clouds,2014-07-01 02:00:00,Tuesday
2014-07-01 03:00:00,76.29800000000003,15,few clouds,2014-07-01 03:00:00,Tuesday
2014-07-01 04:00:00,75.59600000000005,19,few clouds,2014-07-01 04:00:00,Tuesday
2014-07-01 07:00:00,74.192,28,few clouds,2014-07-01 07:00:00,Tuesday
2014-07-01 08:00:00,73.076,62,scattered clouds,2014-07-01 08:00:00,Tuesday
2014-07-01 09:00:00,72.78800000000004,62,scattered clouds,2014-07-01 09:00:00,Tuesday
2014-07-01 12:00:00,73.02200000000003,45,sky is clear,2014-07-01 12:00:00,Tuesday
2014-07-01 16:00:00,84.57799999999996,47,broken clouds,2014-07-01 16:00:00,Tuesday
2014-07-01 17:00:00,87.13399999999999,41,sky is clear,2014-07-01 17:00:00,Tuesday
2014-07-01 18:00:00,88.44800000000002,36,scattered clouds,2014-07-01 18:00:00,Tuesday
2014-07-02 01:00:00,85.69399999999997,34,few clouds,2014-07-02 01:00:00,Wednesday
2014-07-02 02:00:00,83.48000000000005,19,sky is clear,2014-07-02 02:00:00,Wednesday
2014-07-02 03:00:00,83.03000000000004,19,sky is clear,2014-07-02 03:00:00,Wednesday
2014-07-02 04:00:00,80.47400000000002,20,sky is clear,2014-07-02 04:00:00,Wednesday
2014-07-02 07:00:00,78.29600000000005,40,sky is clear,2014-07-02 07:00:00,Wednesday
2014-07-02 08:00:00,76.98200000000001,64,sky is clear,2014-07-02 08:00:00,Wednesday
2014-07-02 09:00:00,77.05399999999995,71,sky is clear,2014-07-02 09:00:00,Wednesday
2014-07-02 12:00:00,76.04600000000005,53,scattered clouds,2014-07-02 12:00:00,Wednesday
2014-07-02 16:00:00,87.72799999999997,41,sky is clear,2014-07-02 16:00:00,Wednesday
2014-07-02 17:00:00,89.99600000000005,39,scattered clouds,2014-07-02 17:00:00,Wednesday
2014-07-02 18:00:00,90.59000000000002,54,scattered clouds,2014-07-02 18:00:00,Wednesday
2014-07-03 01:00:00,74.37200000000004,33,mist,2014-07-03 01:00:00,Thursday
2014-07-03 02:00:00,74.91199999999995,30,thunderstorm,2014-07-03 02:00:00,Thursday
2014-07-03 03:00:00,73.70600000000003,24,mist,2014-07-03 03:00:00,Thursday
2014-07-03 04:00:00,73.70600000000003,9,mist,2014-07-03 04:00:00,Thursday
2014-07-03 07:00:00,73.94000000000003,52,mist,2014-07-03 07:00:00,Thursday
2014-07-03 08:00:00,72.91400000000003,71,mist,2014-07-03 08:00:00,Thursday
2014-07-03 09:00:00,73.81400000000004,67,mist,2014-07-03 09:00:00,Thursday
2014-07-03 12:00:00,75.18200000000002,43,mist,2014-07-03 12:00:00,Thursday
2014-07-03 16:00:00,84.25399999999995,49,light rain,2014-07-03 16:00:00,Thursday
2014-07-03 17:00:00,85.85600000000002,36,light rain,2014-07-03 17:00:00,Thursday
2014-07-03 18:00:00,87.09800000000003,41,moderate rain,2014-07-03 18:00:00,Thursday
2014-07-04 01:00:00,70.71799999999999,51,haze,2014-07-04 01:00:00,Friday
2014-07-04 02:00:00,71.58200000000002,46,mist,2014-07-04 02:00:00,Friday
2014-07-04 03:00:00,71.63599999999997,31,overcast clouds,2014-07-04 03:00:00,Friday
2014-07-04 04:00:00,71.6,28,light rain,2014-07-04 04:00:00,Friday
2014-07-04 07:00:00,72.08599999999997,23,moderate rain,2014-07-04 07:00:00,Friday
2014-07-04 08:00:00,71.61799999999998,25,light rain,2014-07-04 08:00:00,Friday
2014-07-04 09:00:00,71.708,16,heavy intensity rain,2014-07-04 09:00:00,Friday
2014-07-04 12:00:00,72.24800000000002,30,heavy intensity rain,2014-07-04 12:00:00,Friday
2014-07-04 16:00:00,74.55199999999998,42,heavy intensity rain,2014-07-04 16:00:00,Friday
2014-07-04 17:00:00,72.69800000000002,56,light rain,2014-07-04 17:00:00,Friday
2014-07-04 18:00:00,70.88000000000004,43,light rain,2014-07-04 18:00:00,Friday
2014-07-05 01:00:00,72.30199999999998,57,moderate rain,2014-07-05 01:00:00,Saturday
2014-07-05 02:00:00,70.592,76,broken clouds,2014-07-05 02:00:00,Saturday
2014-07-05 03:00:00,68.86400000000003,48,moderate rain,2014-07-05 03:00:00,Saturday
2014-07-05 04:00:00,68.54000000000002,32,sky is clear,2014-07-05 04:00:00,Saturday
2014-07-05 07:00:00,66.46999999999996,24,sky is clear,2014-07-05 07:00:00,Saturday
2014-07-05 08:00:00,65.73200000000001,33,sky is clear,2014-07-05 08:00:00,Saturday
2014-07-05 09:00:00,65.03000000000004,44,sky is clear,2014-07-05 09:00:00,Saturday
2014-07-05 12:00:00,64.25600000000003,38,few clouds,2014-07-05 12:00:00,Saturday
2014-07-05 16:00:00,74.71400000000003,62,scattered clouds,2014-07-05 16:00:00,Saturday
2014-07-05 17:00:00,76.51400000000004,50,scattered clouds,2014-07-05 17:00:00,Saturday
2014-07-05 18:00:00,77.61199999999995,55,scattered clouds,2014-07-05 18:00:00,Saturday
2014-07-06 01:00:00,79.73599999999996,63,few clouds,2014-07-06 01:00:00,Sunday
2014-07-06 02:00:00,76.00999999999998,59,few clouds,2014-07-06 02:00:00,Sunday
2014-07-06 03:00:00,73.52599999999998,57,sky is clear,2014-07-06 03:00:00,Sunday
2014-07-06 04:00:00,72.40999999999998,39,sky is clear,2014-07-06 04:00:00,Sunday
2014-07-06 07:00:00,66.99199999999999,25,sky is clear,2014-07-06 07:00:00,Sunday
2014-07-06 08:00:00,65.91199999999995,40,sky is clear,2014-07-06 08:00:00,Sunday
2014-07-06 09:00:00,64.45399999999995,29,mist,2014-07-06 09:00:00,Sunday
2014-07-06 12:00:00,64.54399999999997,37,scattered clouds,2014-07-06 12:00:00,Sunday
2014-07-06 16:00:00,82.65199999999997,51,scattered clouds,2014-07-06 16:00:00,Sunday
2014-07-06 17:00:00,84.092,36,scattered clouds,2014-07-06 17:00:00,Sunday
2014-07-06 18:00:00,84.45199999999997,30,scattered clouds,2014-07-06 18:00:00,Sunday
2014-07-07 01:00:00,79.37599999999999,56,broken clouds,2014-07-07 01:00:00,Monday
2014-07-07 02:00:00,77.93599999999996,26,scattered clouds,2014-07-07 02:00:00,Monday
2014-07-07 03:00:00,74.71400000000003,17,scattered clouds,2014-07-07 03:00:00,Monday
2014-07-07 04:00:00,73.292,17,broken clouds,2014-07-07 04:00:00,Monday
2014-07-07 07:00:00,73.292,41,broken clouds,2014-07-07 07:00:00,Monday
2014-07-07 08:00:00,72.93200000000002,71,overcast clouds,2014-07-07 08:00:00,Monday
2014-07-07 09:00:00,72.21199999999996,51,overcast clouds,2014-07-07 09:00:00,Monday
2014-07-07 12:00:00,75.092,36,broken clouds,2014-07-07 12:00:00,Monday
2014-07-07 16:00:00,86.97200000000004,41,scattered clouds,2014-07-07 16:00:00,Monday
2014-07-07 17:00:00,87.31400000000004,35,scattered clouds,2014-07-07 17:00:00,Monday
2014-07-07 18:00:00,90.21199999999996,32,scattered clouds,2014-07-07 18:00:00,Monday
2014-07-08 01:00:00,86.95399999999995,45,scattered clouds,2014-07-08 01:00:00,Tuesday
2014-07-08 02:00:00,85.92799999999997,21,scattered clouds,2014-07-08 02:00:00,Tuesday
2014-07-08 03:00:00,83.37200000000004,12,broken clouds,2014-07-08 03:00:00,Tuesday
2014-07-08 04:00:00,83.03000000000004,11,thunderstorm,2014-07-08 04:00:00,Tuesday
2014-07-08 07:00:00,72.93200000000002,29,mist,2014-07-08 07:00:00,Tuesday
2014-07-08 08:00:00,72.93200000000002,75,mist,2014-07-08 08:00:00,Tuesday
2014-07-08 09:00:00,72.91400000000003,58,fog,2014-07-08 09:00:00,Tuesday
2014-07-08 12:00:00,77.234,41,broken clouds,2014-07-08 12:00:00,Tuesday
2014-07-08 16:00:00,89.49199999999999,45,broken clouds,2014-07-08 16:00:00,Tuesday
2014-07-08 17:00:00,90.93200000000002,33,broken clouds,2014-07-08 17:00:00,Tuesday
2014-07-08 18:00:00,92.37200000000004,32,broken clouds,2014-07-08 18:00:00,Tuesday
2014-07-09 01:00:00,87.24199999999999,24,broken clouds,2014-07-09 01:00:00,Wednesday
2014-07-09 02:00:00,85.208,27,broken clouds,2014-07-09 02:00:00,Wednesday
2014-07-09 03:00:00,76.51400000000004,20,light rain,2014-07-09 03:00:00,Wednesday
2014-07-09 04:00:00,75.83000000000004,17,broken clouds,2014-07-09 04:00:00,Wednesday
2014-07-09 07:00:00,72.59000000000002,41,sky is clear,2014-07-09 07:00:00,Wednesday
2014-07-09 08:00:00,72.21199999999996,60,few clouds,2014-07-09 08:00:00,Wednesday
2014-07-09 09:00:00,71.49199999999999,51,scattered clouds,2014-07-09 09:00:00,Wednesday
2014-07-09 12:00:00,74.73200000000001,36,scattered clouds,2014-07-09 12:00:00,Wednesday
2014-07-09 16:00:00,83.37200000000004,39,broken clouds,2014-07-09 16:00:00,Wednesday
2014-07-09 17:00:00,85.51400000000004,29,broken clouds,2014-07-09 17:00:00,Wednesday
2014-07-09 18:00:00,87.674,36,broken clouds,2014-07-09 18:00:00,Wednesday
2014-07-10 01:00:00,76.11799999999998,19,dust,2014-07-10 01:00:00,Thursday
2014-07-10 02:00:00,76.1,5,broken clouds,2014-07-10 02:00:00,Thursday
2014-07-10 03:00:00,75.07400000000001,20,broken clouds,2014-07-10 03:00:00,Thursday
2014-07-10 04:00:00,74.71400000000003,16,broken clouds,2014-07-10 04:00:00,Thursday
2014-07-10 07:00:00,71.83399999999999,30,broken clouds,2014-07-10 07:00:00,Thursday
2014-07-10 08:00:00,70.39399999999998,61,broken clouds,2014-07-10 08:00:00,Thursday
2014-07-10 09:00:00,70.03399999999999,51,mist,2014-07-10 09:00:00,Thursday
2014-07-10 12:00:00,72.21199999999996,21,broken clouds,2014-07-10 12:00:00,Thursday
2014-07-10 16:00:00,77.26999999999995,31,broken clouds,2014-07-10 16:00:00,Thursday
2014-07-10 17:00:00,79.08800000000005,35,broken clouds,2014-07-10 17:00:00,Thursday
2014-07-10 18:00:00,80.86999999999996,33,broken clouds,2014-07-10 18:00:00,Thursday
2014-07-11 01:00:00,72.53599999999997,36,light rain,2014-07-11 01:00:00,Friday
2014-07-11 02:00:00,72.95,25,mist,2014-07-11 02:00:00,Friday
2014-07-11 03:00:00,72.59000000000002,22,mist,2014-07-11 03:00:00,Friday
2014-07-11 04:00:00,72.93200000000002,15,mist,2014-07-11 04:00:00,Friday
2014-07-11 07:00:00,70.79000000000002,48,mist,2014-07-11 07:00:00,Friday
2014-07-11 08:00:00,70.43000000000004,71,mist,2014-07-11 08:00:00,Friday
2014-07-11 09:00:00,70.03399999999999,58,mist,2014-07-11 09:00:00,Friday
2014-07-11 12:00:00,71.45600000000003,35,broken clouds,2014-07-11 12:00:00,Friday
2014-07-11 16:00:00,81.93200000000002,50,scattered clouds,2014-07-11 16:00:00,Friday
2014-07-11 17:00:00,83.37200000000004,44,scattered clouds,2014-07-11 17:00:00,Friday
2014-07-11 18:00:00,83.37200000000004,68,scattered clouds,2014-07-11 18:00:00,Friday
2014-07-12 01:00:00,75.092,79,scattered clouds,2014-07-12 01:00:00,Saturday
2014-07-12 02:00:00,73.32799999999996,51,sky is clear,2014-07-12 02:00:00,Saturday
2014-07-12 03:00:00,71.16799999999998,40,scattered clouds,2014-07-12 03:00:00,Saturday
2014-07-12 04:00:00,70.808,36,scattered clouds,2014-07-12 04:00:00,Saturday
2014-07-12 07:00:00,68.59399999999997,26,mist,2014-07-12 07:00:00,Saturday
2014-07-12 08:00:00,68.28800000000004,44,sky is clear,2014-07-12 08:00:00,Saturday
2014-07-12 09:00:00,68.45,46,mist,2014-07-12 09:00:00,Saturday
2014-07-12 12:00:00,73.66999999999996,52,fog,2014-07-12 12:00:00,Saturday
2014-07-12 16:00:00,83.73200000000001,59,scattered clouds,2014-07-12 16:00:00,Saturday
2014-07-12 17:00:00,84.81199999999995,56,scattered clouds,2014-07-12 17:00:00,Saturday
2014-07-12 18:00:00,84.91999999999996,56,scattered clouds,2014-07-12 18:00:00,Saturday
2014-07-13 01:00:00,79.06999999999996,68,broken clouds,2014-07-13 01:00:00,Sunday
2014-07-13 02:00:00,76.55,66,sky is clear,2014-07-13 02:00:00,Sunday
2014-07-13 03:00:00,75.83000000000004,59,broken clouds,2014-07-13 03:00:00,Sunday
2014-07-13 04:00:00,74.03000000000004,37,broken clouds,2014-07-13 04:00:00,Sunday
2014-07-13 07:00:00,72.24800000000002,27,broken clouds,2014-07-13 07:00:00,Sunday
2014-07-13 08:00:00,71.86999999999996,30,broken clouds,2014-07-13 08:00:00,Sunday
2014-07-13 09:00:00,71.49199999999999,32,overcast clouds,2014-07-13 09:00:00,Sunday
2014-07-13 12:00:00,73.65199999999997,35,broken clouds,2014-07-13 12:00:00,Sunday
2014-07-13 16:00:00,80.15,47,broken clouds,2014-07-13 16:00:00,Sunday
2014-07-13 17:00:00,81.93200000000002,39,broken clouds,2014-07-13 17:00:00,Sunday
2014-07-13 18:00:00,82.30999999999997,38,overcast clouds,2014-07-13 18:00:00,Sunday
2014-07-14 01:00:00,81.98599999999996,49,broken clouds,2014-07-14 01:00:00,Monday
2014-07-14 02:00:00,80.88800000000005,26,broken clouds,2014-07-14 02:00:00,Monday
2014-07-14 03:00:00,80.52799999999996,15,broken clouds,2014-07-14 03:00:00,Monday
2014-07-14 04:00:00,74.37200000000004,17,light rain,2014-07-14 04:00:00,Monday
2014-07-14 07:00:00,72.93200000000002,47,broken clouds,2014-07-14 07:00:00,Monday
2014-07-14 08:00:00,73.66999999999996,68,light rain,2014-07-14 08:00:00,Monday
2014-07-14 09:00:00,72.57200000000003,52,broken clouds,2014-07-14 09:00:00,Monday
2014-07-14 12:00:00,75.81199999999995,33,scattered clouds,2014-07-14 12:00:00,Monday
2014-07-14 16:00:00,79.06999999999996,26,overcast clouds,2014-07-14 16:00:00,Monday
2014-07-14 17:00:00,80.86999999999996,25,overcast clouds,2014-07-14 17:00:00,Monday
2014-07-14 18:00:00,82.66999999999996,35,broken clouds,2014-07-14 18:00:00,Monday
2014-07-15 01:00:00,74.39000000000001,38,moderate rain,2014-07-15 01:00:00,Tuesday
2014-07-15 02:00:00,74.76799999999999,23,moderate rain,2014-07-15 02:00:00,Tuesday
2014-07-15 03:00:00,74.408,14,proximity thunderstorm with rain,2014-07-15 03:00:00,Tuesday
2014-07-15 04:00:00,74.39000000000001,14,moderate rain,2014-07-15 04:00:00,Tuesday
2014-07-15 07:00:00,74.39000000000001,39,overcast clouds,2014-07-15 07:00:00,Tuesday
2014-07-15 08:00:00,74.39000000000001,60,overcast clouds,2014-07-15 08:00:00,Tuesday
2014-07-15 09:00:00,74.39000000000001,62,overcast clouds,2014-07-15 09:00:00,Tuesday
2014-07-15 12:00:00,76.19000000000003,33,haze,2014-07-15 12:00:00,Tuesday
2014-07-15 16:00:00,80.86999999999996,41,haze,2014-07-15 16:00:00,Tuesday
2014-07-15 17:00:00,83.53399999999999,49,haze,2014-07-15 17:00:00,Tuesday
2014-07-15 18:00:00,83.69600000000005,28,mist,2014-07-15 18:00:00,Tuesday
2014-07-16 01:00:00,74.066,18,mist,2014-07-16 01:00:00,Wednesday
2014-07-16 02:00:00,74.04800000000003,12,mist,2014-07-16 02:00:00,Wednesday
2014-07-16 03:00:00,74.03000000000004,14,mist,2014-07-16 03:00:00,Wednesday
2014-07-16 04:00:00,73.66999999999996,17,moderate rain,2014-07-16 04:00:00,Wednesday
2014-07-16 07:00:00,72.57200000000003,41,light rain,2014-07-16 07:00:00,Wednesday
2014-07-16 08:00:00,72.24800000000002,66,light rain,2014-07-16 08:00:00,Wednesday
2014-07-16 09:00:00,71.50999999999998,68,moderate rain,2014-07-16 09:00:00,Wednesday
2014-07-16 12:00:00,68.61199999999995,32,light rain,2014-07-16 12:00:00,Wednesday
2014-07-16 16:00:00,73.32799999999996,36,light rain,2014-07-16 16:00:00,Wednesday
2014-07-16 17:00:00,76.49600000000005,46,light rain,2014-07-16 17:00:00,Wednesday
2014-07-16 18:00:00,78.908,46,broken clouds,2014-07-16 18:00:00,Wednesday
2014-07-17 01:00:00,73.97599999999998,42,broken clouds,2014-07-17 01:00:00,Thursday
2014-07-17 02:00:00,72.76999999999995,29,broken clouds,2014-07-17 02:00:00,Thursday
2014-07-17 03:00:00,70.43000000000004,10,broken clouds,2014-07-17 03:00:00,Thursday
2014-07-17 04:00:00,68.558,16,light rain,2014-07-17 04:00:00,Thursday
2014-07-17 07:00:00,66.14600000000004,34,broken clouds,2014-07-17 07:00:00,Thursday
2014-07-17 08:00:00,64.90399999999995,68,broken clouds,2014-07-17 08:00:00,Thursday
2014-07-17 09:00:00,63.788000000000046,64,broken clouds,2014-07-17 09:00:00,Thursday
2014-07-17 12:00:00,68.26999999999995,33,broken clouds,2014-07-17 12:00:00,Thursday
2014-07-17 16:00:00,78.76400000000004,32,broken clouds,2014-07-17 16:00:00,Thursday
2014-07-17 17:00:00,78.566,49,broken clouds,2014-07-17 17:00:00,Thursday
2014-07-17 18:00:00,79.15999999999998,46,broken clouds,2014-07-17 18:00:00,Thursday
2014-07-18 01:00:00,72.842,38,scattered clouds,2014-07-18 01:00:00,Friday
2014-07-18 02:00:00,71.43800000000005,24,scattered clouds,2014-07-18 02:00:00,Friday
2014-07-18 03:00:00,68.77400000000002,20,scattered clouds,2014-07-18 03:00:00,Friday
2014-07-18 04:00:00,67.60399999999996,15,scattered clouds,2014-07-18 04:00:00,Friday
2014-07-18 07:00:00,62.977999999999966,44,mist,2014-07-18 07:00:00,Friday
2014-07-18 08:00:00,62.438000000000045,67,mist,2014-07-18 08:00:00,Friday
2014-07-18 09:00:00,61.64600000000005,67,mist,2014-07-18 09:00:00,Friday
2014-07-18 12:00:00,65.62400000000001,42,few clouds,2014-07-18 12:00:00,Friday
2014-07-18 16:00:00,77.77400000000002,39,broken clouds,2014-07-18 16:00:00,Friday
2014-07-18 17:00:00,79.7,47,broken clouds,2014-07-18 17:00:00,Friday
2014-07-18 18:00:00,80.43800000000005,69,broken clouds,2014-07-18 18:00:00,Friday
2014-07-19 01:00:00,72.28399999999999,61,broken clouds,2014-07-19 01:00:00,Saturday
2014-07-19 02:00:00,70.53800000000004,63,broken clouds,2014-07-19 02:00:00,Saturday
2014-07-19 03:00:00,68.576,72,broken clouds,2014-07-19 03:00:00,Saturday
2014-07-19 04:00:00,67.62200000000004,51,broken clouds,2014-07-19 04:00:00,Saturday
2014-07-19 07:00:00,65.49800000000002,35,dust,2014-07-19 07:00:00,Saturday
2014-07-19 08:00:00,65.24600000000005,41,overcast clouds,2014-07-19 08:00:00,Saturday
2014-07-19 09:00:00,65.48000000000005,42,overcast clouds,2014-07-19 09:00:00,Saturday
2014-07-19 12:00:00,67.74800000000002,45,overcast clouds,2014-07-19 12:00:00,Saturday
2014-07-19 16:00:00,75.91999999999996,67,overcast clouds,2014-07-19 16:00:00,Saturday
2014-07-19 17:00:00,75.74000000000002,50,overcast clouds,2014-07-19 17:00:00,Saturday
2014-07-19 18:00:00,76.58599999999997,52,overcast clouds,2014-07-19 18:00:00,Saturday
2014-07-20 01:00:00,70.484,81,broken clouds,2014-07-20 01:00:00,Sunday
2014-07-20 02:00:00,69.35,71,broken clouds,2014-07-20 02:00:00,Sunday
2014-07-20 03:00:00,68.80999999999997,49,broken clouds,2014-07-20 03:00:00,Sunday
2014-07-20 04:00:00,68.30600000000003,30,broken clouds,2014-07-20 04:00:00,Sunday
2014-07-20 07:00:00,67.17200000000004,32,broken clouds,2014-07-20 07:00:00,Sunday
2014-07-20 08:00:00,66.93800000000005,32,light rain,2014-07-20 08:00:00,Sunday
2014-07-20 09:00:00,66.68599999999996,38,overcast clouds,2014-07-20 09:00:00,Sunday
2014-07-20 12:00:00,67.1,34,light rain,2014-07-20 12:00:00,Sunday
2014-07-20 16:00:00,75.39800000000002,55,broken clouds,2014-07-20 16:00:00,Sunday
2014-07-20 17:00:00,76.442,48,scattered clouds,2014-07-20 17:00:00,Sunday
2014-07-20 18:00:00,76.96400000000003,36,broken clouds,2014-07-20 18:00:00,Sunday
2014-07-21 01:00:00,70.51999999999995,35,scattered clouds,2014-07-21 01:00:00,Monday
2014-07-21 02:00:00,69.00800000000001,29,scattered clouds,2014-07-21 02:00:00,Monday
2014-07-21 03:00:00,67.442,19,few clouds,2014-07-21 03:00:00,Monday
2014-07-21 04:00:00,65.87599999999999,12,few clouds,2014-07-21 04:00:00,Monday
2014-07-21 07:00:00,63.01400000000003,33,sky is clear,2014-07-21 07:00:00,Monday
2014-07-21 08:00:00,62.780000000000044,63,mist,2014-07-21 08:00:00,Monday
2014-07-21 09:00:00,62.20399999999995,59,mist,2014-07-21 09:00:00,Monday
2014-07-21 12:00:00,67.62200000000004,27,scattered clouds,2014-07-21 12:00:00,Monday
2014-07-21 16:00:00,80.38399999999999,36,scattered clouds,2014-07-21 16:00:00,Monday
2014-07-21 17:00:00,81.44600000000005,30,scattered clouds,2014-07-21 17:00:00,Monday
2014-07-21 18:00:00,82.70600000000003,29,scattered clouds,2014-07-21 18:00:00,Monday
2014-07-22 01:00:00,74.33599999999997,32,scattered clouds,2014-07-22 01:00:00,Tuesday
2014-07-22 02:00:00,73.184,14,few clouds,2014-07-22 02:00:00,Tuesday
2014-07-22 03:00:00,71.88800000000005,16,few clouds,2014-07-22 03:00:00,Tuesday
2014-07-22 04:00:00,70.934,18,few clouds,2014-07-22 04:00:00,Tuesday
2014-07-22 07:00:00,68.576,31,few clouds,2014-07-22 07:00:00,Tuesday
2014-07-22 08:00:00,68.108,58,few clouds,2014-07-22 08:00:00,Tuesday
2014-07-22 09:00:00,67.45999999999998,44,few clouds,2014-07-22 09:00:00,Tuesday
2014-07-22 12:00:00,72.21199999999996,42,few clouds,2014-07-22 12:00:00,Tuesday
2014-07-22 16:00:00,84.18200000000002,34,scattered clouds,2014-07-22 16:00:00,Tuesday
2014-07-22 17:00:00,85.28000000000004,29,scattered clouds,2014-07-22 17:00:00,Tuesday
2014-07-22 18:00:00,85.96400000000003,26,sky is clear,2014-07-22 18:00:00,Tuesday
2014-07-23 01:00:00,79.62799999999996,32,scattered clouds,2014-07-23 01:00:00,Wednesday
2014-07-23 02:00:00,78.42200000000004,24,few clouds,2014-07-23 02:00:00,Wednesday
2014-07-23 03:00:00,76.96400000000003,21,few clouds,2014-07-23 03:00:00,Wednesday
2014-07-23 04:00:00,75.542,19,few clouds,2014-07-23 04:00:00,Wednesday
2014-07-23 07:00:00,72.57200000000003,35,few clouds,2014-07-23 07:00:00,Wednesday
2014-07-23 08:00:00,71.88800000000005,62,few clouds,2014-07-23 08:00:00,Wednesday
2014-07-23 09:00:00,71.09600000000005,69,few clouds,2014-07-23 09:00:00,Wednesday
2014-07-23 12:00:00,73.958,40,smoke,2014-07-23 12:00:00,Wednesday
2014-07-23 16:00:00,85.658,32,scattered clouds,2014-07-23 16:00:00,Wednesday
2014-07-23 17:00:00,87.47599999999998,48,broken clouds,2014-07-23 17:00:00,Wednesday
2014-07-23 18:00:00,88.66400000000003,34,broken clouds,2014-07-23 18:00:00,Wednesday
2014-07-24 01:00:00,79.41199999999995,33,thunderstorm,2014-07-24 01:00:00,Thursday
2014-07-24 02:00:00,77.28800000000004,20,moderate rain,2014-07-24 02:00:00,Thursday
2014-07-24 03:00:00,76.11799999999998,12,moderate rain,2014-07-24 03:00:00,Thursday
2014-07-24 04:00:00,75.65,11,light rain,2014-07-24 04:00:00,Thursday
2014-07-24 07:00:00,72.734,30,broken clouds,2014-07-24 07:00:00,Thursday
2014-07-24 08:00:00,71.924,67,scattered clouds,2014-07-24 08:00:00,Thursday
2014-07-24 09:00:00,71.6,55,scattered clouds,2014-07-24 09:00:00,Thursday
2014-07-24 12:00:00,71.92129325180002,39,broken clouds,2014-07-24 12:00:00,Thursday
2014-07-24 16:00:00,76.17200000000004,33,broken clouds,2014-07-24 16:00:00,Thursday
2014-07-24 17:00:00,76.07016733100002,40,moderate rain,2014-07-24 17:00:00,Thursday
2014-07-24 18:00:00,77.84600000000005,36,broken clouds,2014-07-24 18:00:00,Thursday
2014-07-25 01:00:00,74.31799999999998,31,broken clouds,2014-07-25 01:00:00,Friday
2014-07-25 02:00:00,73.184,21,broken clouds,2014-07-25 02:00:00,Friday
2014-07-25 03:00:00,72.60604059919999,22,light rain,2014-07-25 03:00:00,Friday
2014-07-25 04:00:00,70.91338884079993,15,light rain,2014-07-25 04:00:00,Friday
2014-07-25 07:00:00,67.17200000000004,42,broken clouds,2014-07-25 07:00:00,Friday
2014-07-25 08:00:00,65.75,80,broken clouds,2014-07-25 08:00:00,Friday
2014-07-25 09:00:00,65.39000000000001,55,broken clouds,2014-07-25 09:00:00,Friday
2014-07-25 12:00:00,67.74800000000002,35,scattered clouds,2014-07-25 12:00:00,Friday
2014-07-25 16:00:00,78.63800000000005,44,scattered clouds,2014-07-25 16:00:00,Friday
2014-07-25 17:00:00,79.934,45,scattered clouds,2014-07-25 17:00:00,Friday
2014-07-25 18:00:00,81.21199999999996,44,scattered clouds,2014-07-25 18:00:00,Friday
2014-07-26 01:00:00,73.30999999999997,73,scattered clouds,2014-07-26 01:00:00,Saturday
2014-07-26 02:00:00,72.46400000000003,49,scattered clouds,2014-07-26 02:00:00,Saturday
2014-07-26 03:00:00,71.33000000000004,44,scattered clouds,2014-07-26 03:00:00,Saturday
2014-07-26 04:00:00,70.28599999999997,49,scattered clouds,2014-07-26 04:00:00,Saturday
2014-07-26 07:00:00,67.96400000000003,30,broken clouds,2014-07-26 07:00:00,Saturday
2014-07-26 08:00:00,67.29800000000003,33,broken clouds,2014-07-26 08:00:00,Saturday
2014-07-26 09:00:00,66.326,46,broken clouds,2014-07-26 09:00:00,Saturday
2014-07-26 12:00:00,69.08000000000004,45,sky is clear,2014-07-26 12:00:00,Saturday
2014-07-26 16:00:00,75.03800000000004,44,light rain,2014-07-26 16:00:00,Saturday
2014-07-26 17:00:00,77.86400000000003,58,broken clouds,2014-07-26 17:00:00,Saturday
2014-07-26 18:00:00,79.55600000000003,50,broken clouds,2014-07-26 18:00:00,Saturday
2014-07-27 01:00:00,74.56999999999996,74,scattered clouds,2014-07-27 01:00:00,Sunday
2014-07-27 02:00:00,73.59800000000003,58,broken clouds,2014-07-27 02:00:00,Sunday
2014-07-27 03:00:00,72.89600000000004,54,broken clouds,2014-07-27 03:00:00,Sunday
2014-07-27 04:00:00,72.35600000000002,48,mist,2014-07-27 04:00:00,Sunday
2014-07-27 07:00:00,70.53800000000004,28,broken clouds,2014-07-27 07:00:00,Sunday
2014-07-27 08:00:00,70.28599999999997,34,broken clouds,2014-07-27 08:00:00,Sunday
2014-07-27 09:00:00,70.03399999999999,33,light rain,2014-07-27 09:00:00,Sunday
2014-07-27 12:00:00,72.05,30,mist,2014-07-27 12:00:00,Sunday
2014-07-27 16:00:00,80.33000000000004,49,broken clouds,2014-07-27 16:00:00,Sunday
2014-07-27 17:00:00,82.21999999999996,29,overcast clouds,2014-07-27 17:00:00,Sunday
2014-07-27 18:00:00,83.75,35,broken clouds,2014-07-27 18:00:00,Sunday
2014-07-28 01:00:00,81.50817589699996,39,overcast clouds,2014-07-28 01:00:00,Monday
2014-07-28 02:00:00,79.05199999999998,20,overcast clouds,2014-07-28 02:00:00,Monday
2014-07-28 03:00:00,78.68473924460002,21,light rain,2014-07-28 03:00:00,Monday
2014-07-28 04:00:00,77.19800000000002,18,mist,2014-07-28 04:00:00,Monday
2014-07-28 07:00:00,72.08599999999997,35,thunderstorm with rain,2014-07-28 07:00:00,Monday
2014-07-28 08:00:00,70.34000000000002,72,moderate rain,2014-07-28 08:00:00,Monday
2014-07-28 09:00:00,69.31400000000004,58,light rain,2014-07-28 09:00:00,Monday
2014-07-28 12:00:00,70.358,18,light rain,2014-07-28 12:00:00,Monday
2014-07-28 16:00:00,78.96199999999996,30,scattered clouds,2014-07-28 16:00:00,Monday
2014-07-28 17:00:00,81.23000000000005,39,broken clouds,2014-07-28 17:00:00,Monday
2014-07-28 18:00:00,81.91400000000003,23,scattered clouds,2014-07-28 18:00:00,Monday
2014-07-29 01:00:00,70.19600000000005,36,scattered clouds,2014-07-29 01:00:00,Tuesday
2014-07-29 02:00:00,69.31400000000004,27,scattered clouds,2014-07-29 02:00:00,Tuesday
2014-07-29 03:00:00,67.92799999999997,15,scattered clouds,2014-07-29 03:00:00,Tuesday
2014-07-29 04:00:00,66.88399999999999,16,scattered clouds,2014-07-29 04:00:00,Tuesday
2014-07-29 07:00:00,64.09399999999997,33,scattered clouds,2014-07-29 07:00:00,Tuesday
2014-07-29 08:00:00,63.266000000000005,67,scattered clouds,2014-07-29 08:00:00,Tuesday
2014-07-29 09:00:00,61.71799999999998,63,few clouds,2014-07-29 09:00:00,Tuesday
2014-07-29 12:00:00,64.52599999999998,33,scattered clouds,2014-07-29 12:00:00,Tuesday
2014-07-29 16:00:00,72.37400000000001,27,scattered clouds,2014-07-29 16:00:00,Tuesday
2014-07-29 17:00:00,73.958,31,scattered clouds,2014-07-29 17:00:00,Tuesday
2014-07-29 18:00:00,74.84000000000002,27,broken clouds,2014-07-29 18:00:00,Tuesday
2014-07-30 01:00:00,67.442,26,broken clouds,2014-07-30 01:00:00,Wednesday
2014-07-30 02:00:00,65.94800000000002,26,scattered clouds,2014-07-30 02:00:00,Wednesday
2014-07-30 03:00:00,64.04000000000002,14,scattered clouds,2014-07-30 03:00:00,Wednesday
2014-07-30 04:00:00,62.653999999999954,16,mist,2014-07-30 04:00:00,Wednesday
2014-07-30 07:00:00,60.998000000000026,34,overcast clouds,2014-07-30 07:00:00,Wednesday
2014-07-30 08:00:00,59.99000000000002,63,scattered clouds,2014-07-30 08:00:00,Wednesday
2014-07-30 09:00:00,59.522000000000034,64,mist,2014-07-30 09:00:00,Wednesday
2014-07-30 12:00:00,62.41999999999996,35,scattered clouds,2014-07-30 12:00:00,Wednesday
2014-07-30 16:00:00,76.11799999999998,25,few clouds,2014-07-30 16:00:00,Wednesday
2014-07-30 17:00:00,77.32400000000001,39,scattered clouds,2014-07-30 17:00:00,Wednesday
2014-07-30 18:00:00,78.02599999999998,32,scattered clouds,2014-07-30 18:00:00,Wednesday
2014-07-31 01:00:00,69.87200000000004,26,scattered clouds,2014-07-31 01:00:00,Thursday
2014-07-31 02:00:00,67.98200000000001,27,few clouds,2014-07-31 02:00:00,Thursday
2014-07-31 03:00:00,66.326,15,few clouds,2014-07-31 03:00:00,Thursday
2014-07-31 04:00:00,64.97599999999998,14,few clouds,2014-07-31 04:00:00,Thursday
2014-07-31 07:00:00,62.05999999999998,41,mist,2014-07-31 07:00:00,Thursday
2014-07-31 08:00:00,61.37599999999999,78,mist,2014-07-31 08:00:00,Thursday
2014-07-31 09:00:00,60.8,73,mist,2014-07-31 09:00:00,Thursday
2014-07-31 12:00:00,65.94800000000002,28,light rain,2014-07-31 12:00:00,Thursday
2014-07-31 16:00:00,78.458,31,scattered clouds,2014-07-31 16:00:00,Thursday
2014-07-31 17:00:00,80.27599999999998,37,scattered clouds,2014-07-31 17:00:00,Thursday
2014-07-31 18:00:00,81.08599999999997,41,broken clouds,2014-07-31 18:00:00,Thursday
2014-08-01 01:00:00,74.26400000000004,46,broken clouds,2014-08-01 01:00:00,Friday
2014-08-01 02:00:00,72.37400000000001,29,broken clouds,2014-08-01 02:00:00,Friday
2014-08-01 03:00:00,70.91600000000001,22,broken clouds,2014-08-01 03:00:00,Friday
2014-08-01 04:00:00,69.63800000000005,25,broken clouds,2014-08-01 04:00:00,Friday
2014-08-01 07:00:00,67.40600000000003,42,mist,2014-08-01 07:00:00,Friday
2014-08-01 08:00:00,67.11799999999998,77,mist,2014-08-01 08:00:00,Friday
2014-08-01 09:00:00,66.91999999999996,73,mist,2014-08-01 09:00:00,Friday
2014-08-01 12:00:00,69.8,54,mist,2014-08-01 12:00:00,Friday
2014-08-01 16:00:00,81.48200000000001,54,haze,2014-08-01 16:00:00,Friday
2014-08-01 17:00:00,81.98599999999996,48,haze,2014-08-01 17:00:00,Friday
2014-08-01 18:00:00,80.18599999999996,44,thunderstorm with light rain,2014-08-01 18:00:00,Friday
2014-08-02 01:00:00,73.00759999999997,79,overcast clouds,2014-08-02 01:00:00,Saturday
2014-08-02 02:00:00,73.00759999999997,58,overcast clouds,2014-08-02 02:00:00,Saturday
2014-08-02 03:00:00,70.10600000000002,45,mist,2014-08-02 03:00:00,Saturday
2014-08-02 04:00:00,69.92599999999999,43,mist,2014-08-02 04:00:00,Saturday
2014-08-02 07:00:00,68.84600000000005,53,mist,2014-08-02 07:00:00,Saturday
2014-08-02 08:00:00,68.43200000000002,53,mist,2014-08-02 08:00:00,Saturday
2014-08-02 09:00:00,67.766,39,mist,2014-08-02 09:00:00,Saturday
2014-08-02 12:00:00,64.74199999999999,32,mist,2014-08-02 12:00:00,Saturday
2014-08-02 16:00:00,68.38262119939996,53,moderate rain,2014-08-02 16:00:00,Saturday
2014-08-02 17:00:00,69.0193106006,50,moderate rain,2014-08-02 17:00:00,Saturday
2014-08-02 18:00:00,72.95,48,broken clouds,2014-08-02 18:00:00,Saturday
2014-08-03 01:00:00,67.208,81,broken clouds,2014-08-03 01:00:00,Sunday
2014-08-03 02:00:00,66.25399999999995,65,broken clouds,2014-08-03 02:00:00,Sunday
2014-08-03 03:00:00,65.62400000000001,52,few clouds,2014-08-03 03:00:00,Sunday
2014-08-03 04:00:00,65.15600000000003,39,mist,2014-08-03 04:00:00,Sunday
2014-08-03 07:00:00,65.04800000000003,30,mist,2014-08-03 07:00:00,Sunday
2014-08-03 08:00:00,64.958,40,mist,2014-08-03 08:00:00,Sunday
2014-08-03 09:00:00,65.066,34,mist,2014-08-03 09:00:00,Sunday
2014-08-03 12:00:00,65.3124143066,43,light rain,2014-08-03 12:00:00,Sunday
2014-08-03 16:00:00,72.48200000000001,52,broken clouds,2014-08-03 16:00:00,Sunday
2014-08-03 17:00:00,73.66999999999996,40,broken clouds,2014-08-03 17:00:00,Sunday
2014-08-03 18:00:00,74.87599999999999,48,broken clouds,2014-08-03 18:00:00,Sunday
2014-08-04 01:00:00,70.808,41,broken clouds,2014-08-04 01:00:00,Monday
2014-08-04 02:00:00,70.358,21,broken clouds,2014-08-04 02:00:00,Monday
2014-08-04 03:00:00,70.23200000000001,21,broken clouds,2014-08-04 03:00:00,Monday
2014-08-04 04:00:00,69.61999999999996,19,mist,2014-08-04 04:00:00,Monday
2014-08-04 07:00:00,68.61199999999995,32,mist,2014-08-04 07:00:00,Monday
2014-08-04 08:00:00,68.84600000000005,65,mist,2014-08-04 08:00:00,Monday
2014-08-04 09:00:00,68.50399999999995,66,mist,2014-08-04 09:00:00,Monday
2014-08-04 12:00:00,70.98800000000004,42,scattered clouds,2014-08-04 12:00:00,Monday
2014-08-04 16:00:00,79.98800000000004,30,broken clouds,2014-08-04 16:00:00,Monday
2014-08-04 17:00:00,81.33800000000005,39,broken clouds,2014-08-04 17:00:00,Monday
2014-08-04 18:00:00,81.734,26,broken clouds,2014-08-04 18:00:00,Monday
2014-08-05 01:00:00,74.01199999999996,30,thunderstorm with heavy rain,2014-08-05 01:00:00,Tuesday
2014-08-05 02:00:00,71.72599999999998,24,light rain,2014-08-05 02:00:00,Tuesday
2014-08-05 03:00:00,71.38399999999999,14,light rain,2014-08-05 03:00:00,Tuesday
2014-08-05 04:00:00,70.50199999999998,19,heavy intensity rain,2014-08-05 04:00:00,Tuesday
2014-08-05 07:00:00,67.49600000000005,33,mist,2014-08-05 07:00:00,Tuesday
2014-08-05 08:00:00,66.93800000000005,62,mist,2014-08-05 08:00:00,Tuesday
2014-08-05 09:00:00,66.77599999999998,63,fog,2014-08-05 09:00:00,Tuesday
2014-08-05 12:00:00,70.84399999999997,38,mist,2014-08-05 12:00:00,Tuesday
2014-08-05 16:00:00,84.77599999999998,45,scattered clouds,2014-08-05 16:00:00,Tuesday
2014-08-05 17:00:00,85.83800000000005,38,scattered clouds,2014-08-05 17:00:00,Tuesday
2014-08-05 18:00:00,86.35999999999999,49,scattered clouds,2014-08-05 18:00:00,Tuesday
2014-08-06 01:00:00,76.85600000000002,27,light rain,2014-08-06 01:00:00,Wednesday
2014-08-06 02:00:00,75.36199999999995,26,broken clouds,2014-08-06 02:00:00,Wednesday
2014-08-06 03:00:00,75.25399999999995,12,broken clouds,2014-08-06 03:00:00,Wednesday
2014-08-06 04:00:00,72.98599999999996,16,broken clouds,2014-08-06 04:00:00,Wednesday
2014-08-06 07:00:00,69.09800000000003,41,broken clouds,2014-08-06 07:00:00,Wednesday
2014-08-06 08:00:00,68.05399999999995,60,mist,2014-08-06 08:00:00,Wednesday
2014-08-06 09:00:00,67.47799999999997,68,mist,2014-08-06 09:00:00,Wednesday
2014-08-06 12:00:00,69.692,31,broken clouds,2014-08-06 12:00:00,Wednesday
2014-08-06 16:00:00,77.35999999999999,28,broken clouds,2014-08-06 16:00:00,Wednesday
2014-08-06 17:00:00,78.63800000000005,35,broken clouds,2014-08-06 17:00:00,Wednesday
2014-08-06 18:00:00,80.29399999999997,45,broken clouds,2014-08-06 18:00:00,Wednesday
2014-08-07 01:00:00,71.83399999999999,33,scattered clouds,2014-08-07 01:00:00,Thursday
2014-08-07 02:00:00,69.60199999999998,28,few clouds,2014-08-07 02:00:00,Thursday
2014-08-07 03:00:00,68.99000000000002,16,few clouds,2014-08-07 03:00:00,Thursday
2014-08-07 04:00:00,67.28000000000004,11,few clouds,2014-08-07 04:00:00,Thursday
2014-08-07 07:00:00,63.71600000000001,33,few clouds,2014-08-07 07:00:00,Thursday
2014-08-07 08:00:00,62.24000000000002,67,sky is clear,2014-08-07 08:00:00,Thursday
2014-08-07 09:00:00,61.79000000000002,69,sky is clear,2014-08-07 09:00:00,Thursday
2014-08-07 12:00:00,66.21799999999999,29,few clouds,2014-08-07 12:00:00,Thursday
2014-08-07 16:00:00,78.38599999999997,31,few clouds,2014-08-07 16:00:00,Thursday
2014-08-07 17:00:00,80.38399999999999,48,haze,2014-08-07 17:00:00,Thursday
2014-08-07 18:00:00,80.924,42,scattered clouds,2014-08-07 18:00:00,Thursday
2014-08-08 01:00:00,70.7,44,scattered clouds,2014-08-08 01:00:00,Friday
2014-08-08 02:00:00,69.42200000000004,29,sky is clear,2014-08-08 02:00:00,Friday
2014-08-08 03:00:00,66.16400000000003,22,scattered clouds,2014-08-08 03:00:00,Friday
2014-08-08 04:00:00,64.184,22,scattered clouds,2014-08-08 04:00:00,Friday
2014-08-08 07:00:00,60.961999999999954,52,sky is clear,2014-08-08 07:00:00,Friday
2014-08-08 08:00:00,60.332000000000015,50,sky is clear,2014-08-08 08:00:00,Friday
2014-08-08 09:00:00,59.161999999999956,57,sky is clear,2014-08-08 09:00:00,Friday
2014-08-08 12:00:00,63.806000000000026,51,scattered clouds,2014-08-08 12:00:00,Friday
2014-08-08 16:00:00,77.19800000000002,40,scattered clouds,2014-08-08 16:00:00,Friday
2014-08-08 17:00:00,78.99800000000002,46,scattered clouds,2014-08-08 17:00:00,Friday
2014-08-08 18:00:00,80.00600000000003,43,scattered clouds,2014-08-08 18:00:00,Friday
2014-08-09 01:00:00,72.03200000000001,73,scattered clouds,2014-08-09 01:00:00,Saturday
2014-08-09 02:00:00,68.41400000000003,70,dust,2014-08-09 02:00:00,Saturday
2014-08-09 03:00:00,67.424,53,dust,2014-08-09 03:00:00,Saturday
2014-08-09 04:00:00,66.10999999999999,49,dust,2014-08-09 04:00:00,Saturday
2014-08-09 07:00:00,61.627999999999965,27,mist,2014-08-09 07:00:00,Saturday
2014-08-09 08:00:00,61.483999999999995,41,few clouds,2014-08-09 08:00:00,Saturday
2014-08-09 09:00:00,60.09800000000003,51,mist,2014-08-09 09:00:00,Saturday
2014-08-09 12:00:00,63.067999999999984,50,few clouds,2014-08-09 12:00:00,Saturday
2014-08-09 16:00:00,80.54600000000005,40,scattered clouds,2014-08-09 16:00:00,Saturday
2014-08-09 17:00:00,81.14000000000001,50,scattered clouds,2014-08-09 17:00:00,Saturday
2014-08-09 18:00:00,82.36400000000003,60,scattered clouds,2014-08-09 18:00:00,Saturday
2014-08-10 01:00:00,71.43800000000005,80,scattered clouds,2014-08-10 01:00:00,Sunday
2014-08-10 02:00:00,70.7,64,scattered clouds,2014-08-10 02:00:00,Sunday
2014-08-10 03:00:00,68.558,56,scattered clouds,2014-08-10 03:00:00,Sunday
2014-08-10 04:00:00,64.90399999999995,43,few clouds,2014-08-10 04:00:00,Sunday
2014-08-10 07:00:00,62.47400000000001,31,mist,2014-08-10 07:00:00,Sunday
2014-08-10 08:00:00,62.258,34,mist,2014-08-10 08:00:00,Sunday
2014-08-10 09:00:00,61.05199999999998,36,mist,2014-08-10 09:00:00,Sunday
2014-08-10 12:00:00,63.71600000000001,37,scattered clouds,2014-08-10 12:00:00,Sunday
2014-08-10 16:00:00,82.78023230779998,45,few clouds,2014-08-10 16:00:00,Sunday
2014-08-10 17:00:00,84.05600000000003,51,scattered clouds,2014-08-10 17:00:00,Sunday
2014-08-10 18:00:00,84.542,47,scattered clouds,2014-08-10 18:00:00,Sunday
2014-08-11 01:00:00,75.05600000000003,44,broken clouds,2014-08-11 01:00:00,Monday
2014-08-11 02:00:00,72.12200000000004,32,scattered clouds,2014-08-11 02:00:00,Monday
2014-08-11 03:00:00,71.33000000000004,19,scattered clouds,2014-08-11 03:00:00,Monday
2014-08-11 04:00:00,68.63000000000004,12,broken clouds,2014-08-11 04:00:00,Monday
2014-08-11 07:00:00,66.01999999999995,34,mist,2014-08-11 07:00:00,Monday
2014-08-11 08:00:00,65.03000000000004,74,mist,2014-08-11 08:00:00,Monday
2014-08-11 09:00:00,64.65199999999997,60,moderate rain,2014-08-11 09:00:00,Monday
2014-08-11 12:00:00,67.08200000000002,31,mist,2014-08-11 12:00:00,Monday
2014-08-11 16:00:00,83.26400000000004,31,broken clouds,2014-08-11 16:00:00,Monday
2014-08-11 17:00:00,83.26400000000004,32,broken clouds,2014-08-11 17:00:00,Monday
2014-08-11 18:00:00,84.64460000000003,35,sky is clear,2014-08-11 18:00:00,Monday
2014-08-12 01:00:00,73.66999999999996,21,broken clouds,2014-08-12 01:00:00,Tuesday
2014-08-12 02:00:00,73.66999999999996,24,broken clouds,2014-08-12 02:00:00,Tuesday
2014-08-12 03:00:00,72.75199999999998,25,broken clouds,2014-08-12 03:00:00,Tuesday
2014-08-12 04:00:00,71.69000000000003,22,broken clouds,2014-08-12 04:00:00,Tuesday
2014-08-12 07:00:00,69.89000000000001,36,broken clouds,2014-08-12 07:00:00,Tuesday
2014-08-12 08:00:00,69.74600000000005,65,overcast clouds,2014-08-12 08:00:00,Tuesday
2014-08-12 09:00:00,68.97200000000004,55,mist,2014-08-12 09:00:00,Tuesday
2014-08-12 12:00:00,70.484,33,few clouds,2014-08-12 12:00:00,Tuesday
2014-08-12 16:00:00,76.658,35,overcast clouds,2014-08-12 16:00:00,Tuesday
2014-08-12 17:00:00,77.70199999999997,38,overcast clouds,2014-08-12 17:00:00,Tuesday
2014-08-12 18:00:00,78.31400000000004,35,overcast clouds,2014-08-12 18:00:00,Tuesday
2014-08-13 01:00:00,72.91400000000003,36,light rain,2014-08-13 01:00:00,Wednesday
2014-08-13 02:00:00,72.91400000000003,21,light rain,2014-08-13 02:00:00,Wednesday
2014-08-13 03:00:00,72.62599999999999,24,moderate rain,2014-08-13 03:00:00,Wednesday
2014-08-13 04:00:00,71.85199999999998,18,light rain,2014-08-13 04:00:00,Wednesday
2014-08-13 07:00:00,69.94399999999997,43,mist,2014-08-13 07:00:00,Wednesday
2014-08-13 08:00:00,69.61999999999996,78,mist,2014-08-13 08:00:00,Wednesday
2014-08-13 09:00:00,69.92599999999999,84,mist,2014-08-13 09:00:00,Wednesday
2014-08-13 12:00:00,69.31400000000004,31,mist,2014-08-13 12:00:00,Wednesday
2014-08-13 16:00:00,73.65199999999997,33,overcast clouds,2014-08-13 16:00:00,Wednesday
2014-08-13 17:00:00,76.442,30,light rain,2014-08-13 17:00:00,Wednesday
2014-08-13 18:00:00,78.09800000000003,42,broken clouds,2014-08-13 18:00:00,Wednesday
2014-08-14 01:00:00,73.38200000000002,36,scattered clouds,2014-08-14 01:00:00,Thursday
2014-08-14 02:00:00,71.02400000000002,21,scattered clouds,2014-08-14 02:00:00,Thursday
2014-08-14 03:00:00,71.00600000000003,18,scattered clouds,2014-08-14 03:00:00,Thursday
2014-08-14 04:00:00,70.46600000000001,19,scattered clouds,2014-08-14 04:00:00,Thursday
2014-08-14 07:00:00,66.45199999999997,32,sky is clear,2014-08-14 07:00:00,Thursday
2014-08-14 08:00:00,64.79600000000005,69,sky is clear,2014-08-14 08:00:00,Thursday
2014-08-14 09:00:00,63.71600000000001,70,sky is clear,2014-08-14 09:00:00,Thursday
2014-08-14 12:00:00,60.89000000000002,30,few clouds,2014-08-14 12:00:00,Thursday
2014-08-14 16:00:00,74.15779999999998,30,sky is clear,2014-08-14 16:00:00,Thursday
2014-08-14 17:00:00,72.608,38,scattered clouds,2014-08-14 17:00:00,Thursday
2014-08-14 18:00:00,74.48000000000005,45,scattered clouds,2014-08-14 18:00:00,Thursday
2014-08-15 01:00:00,71.33000000000004,37,scattered clouds,2014-08-15 01:00:00,Friday
2014-08-15 02:00:00,68.25199999999998,33,scattered clouds,2014-08-15 02:00:00,Friday
2014-08-15 03:00:00,67.56799999999998,20,scattered clouds,2014-08-15 03:00:00,Friday
2014-08-15 04:00:00,66.72200000000004,22,scattered clouds,2014-08-15 04:00:00,Friday
2014-08-15 07:00:00,58.153999999999954,45,mist,2014-08-15 07:00:00,Friday
2014-08-15 08:00:00,58.17200000000004,85,mist,2014-08-15 08:00:00,Friday
2014-08-15 09:00:00,57.34399999999997,69,fog,2014-08-15 09:00:00,Friday
2014-08-15 12:00:00,55.903999999999954,41,fog,2014-08-15 12:00:00,Friday
2014-08-15 16:00:00,69.51199999999996,43,broken clouds,2014-08-15 16:00:00,Friday
2014-08-15 17:00:00,70.73599999999996,36,broken clouds,2014-08-15 17:00:00,Friday
2014-08-15 18:00:00,73.75993975399997,49,few clouds,2014-08-15 18:00:00,Friday
2014-08-16 01:00:00,67.208,60,broken clouds,2014-08-16 01:00:00,Saturday
2014-08-16 02:00:00,66.07400000000001,47,broken clouds,2014-08-16 02:00:00,Saturday
2014-08-16 03:00:00,65.91199999999995,64,broken clouds,2014-08-16 03:00:00,Saturday
2014-08-16 04:00:00,64.4,29,broken clouds,2014-08-16 04:00:00,Saturday
2014-08-16 07:00:00,60.11600000000001,21,scattered clouds,2014-08-16 07:00:00,Saturday
2014-08-16 08:00:00,58.424000000000014,44,mist,2014-08-16 08:00:00,Saturday
2014-08-16 09:00:00,58.711999999999954,41,few clouds,2014-08-16 09:00:00,Saturday
2014-08-16 12:00:00,61.46600000000001,42,few clouds,2014-08-16 12:00:00,Saturday
2014-08-16 16:00:00,73.57377020000001,56,scattered clouds,2014-08-16 16:00:00,Saturday
2014-08-16 17:00:00,75.54788509999997,46,few clouds,2014-08-16 17:00:00,Saturday
2014-08-16 18:00:00,75.82234188380001,55,broken clouds,2014-08-16 18:00:00,Saturday
2014-08-17 01:00:00,72.91400000000003,87,broken clouds,2014-08-17 01:00:00,Sunday
2014-08-17 02:00:00,68.39600000000004,63,broken clouds,2014-08-17 02:00:00,Sunday
2014-08-17 03:00:00,68.41400000000003,56,broken clouds,2014-08-17 03:00:00,Sunday
2014-08-17 04:00:00,68.12599999999999,40,overcast clouds,2014-08-17 04:00:00,Sunday
2014-08-17 07:00:00,60.998000000000026,35,overcast clouds,2014-08-17 07:00:00,Sunday
2014-08-17 08:00:00,62.60543672720007,42,broken clouds,2014-08-17 08:00:00,Sunday
2014-08-17 09:00:00,63.38381301320006,37,overcast clouds,2014-08-17 09:00:00,Sunday
2014-08-17 12:00:00,64.65199999999997,36,light rain,2014-08-17 12:00:00,Sunday
2014-08-17 16:00:00,73.81400000000004,38,scattered clouds,2014-08-17 16:00:00,Sunday
2014-08-17 17:00:00,79.63159999999998,37,scattered clouds,2014-08-17 17:00:00,Sunday
2014-08-17 18:00:00,79.57456161800005,39,scattered clouds,2014-08-17 18:00:00,Sunday
2014-08-18 01:00:00,74.76799999999999,34,few clouds,2014-08-18 01:00:00,Monday
2014-08-18 02:00:00,71.58200000000002,28,few clouds,2014-08-18 02:00:00,Monday
2014-08-18 03:00:00,70.23200000000001,21,few clouds,2014-08-18 03:00:00,Monday
2014-08-18 04:00:00,66.90199999999997,26,mist,2014-08-18 04:00:00,Monday
2014-08-18 07:00:00,59.71639999999994,28,sky is clear,2014-08-18 07:00:00,Monday
2014-08-18 08:00:00,60.195725452400005,56,sky is clear,2014-08-18 08:00:00,Monday
2014-08-18 09:00:00,61.17799999999996,80,mist,2014-08-18 09:00:00,Monday
2014-08-18 12:00:00,64.7262329108,24,sky is clear,2014-08-18 12:00:00,Monday
2014-08-18 16:00:00,74.19259999940002,29,sky is clear,2014-08-18 16:00:00,Monday
2014-08-18 17:00:00,75.51620000060005,25,sky is clear,2014-08-18 17:00:00,Monday
2014-08-18 18:00:00,76.80269981839999,28,sky is clear,2014-08-18 18:00:00,Monday
2014-08-19 01:00:00,73.09399999999997,42,scattered clouds,2014-08-19 01:00:00,Tuesday
2014-08-19 02:00:00,70.03399999999999,27,scattered clouds,2014-08-19 02:00:00,Tuesday
2014-08-19 03:00:00,66.46999999999996,21,scattered clouds,2014-08-19 03:00:00,Tuesday
2014-08-19 04:00:00,66.2,10,scattered clouds,2014-08-19 04:00:00,Tuesday
2014-08-19 07:00:00,63.122000000000035,40,dust,2014-08-19 07:00:00,Tuesday
2014-08-19 08:00:00,62.041999999999994,51,mist,2014-08-19 08:00:00,Tuesday
2014-08-19 09:00:00,61.483999999999995,52,mist,2014-08-19 09:00:00,Tuesday
2014-08-19 12:00:00,64.94000000000003,31,mist,2014-08-19 12:00:00,Tuesday
2014-08-19 16:00:00,75.05600000000003,40,broken clouds,2014-08-19 16:00:00,Tuesday
2014-08-19 17:00:00,77.41400000000003,40,scattered clouds,2014-08-19 17:00:00,Tuesday
2014-08-19 18:00:00,79.53800000000004,23,scattered clouds,2014-08-19 18:00:00,Tuesday
2014-08-20 01:00:00,72.35600000000002,28,broken clouds,2014-08-20 01:00:00,Wednesday
2014-08-20 02:00:00,71.708,23,broken clouds,2014-08-20 02:00:00,Wednesday
2014-08-20 03:00:00,69.51199999999996,12,broken clouds,2014-08-20 03:00:00,Wednesday
2014-08-20 04:00:00,69.38599999999997,12,broken clouds,2014-08-20 04:00:00,Wednesday
2014-08-20 07:00:00,66.74000000000002,49,sky is clear,2014-08-20 07:00:00,Wednesday
2014-08-20 08:00:00,66.61400000000003,66,mist,2014-08-20 08:00:00,Wednesday
2014-08-20 09:00:00,67.06400000000004,56,fog,2014-08-20 09:00:00,Wednesday
2014-08-20 12:00:00,67.87400000000001,31,haze,2014-08-20 12:00:00,Wednesday
2014-08-20 16:00:00,78.49399999999997,28,broken clouds,2014-08-20 16:00:00,Wednesday
2014-08-20 17:00:00,80.05999999999997,30,broken clouds,2014-08-20 17:00:00,Wednesday
2014-08-20 18:00:00,81.80600000000003,37,broken clouds,2014-08-20 18:00:00,Wednesday
2014-08-21 01:00:00,73.59800000000003,29,broken clouds,2014-08-21 01:00:00,Thursday
2014-08-21 02:00:00,71.69000000000003,23,broken clouds,2014-08-21 02:00:00,Thursday
2014-08-21 03:00:00,70.34000000000002,17,broken clouds,2014-08-21 03:00:00,Thursday
2014-08-21 04:00:00,70.142,34,broken clouds,2014-08-21 04:00:00,Thursday
2014-08-21 07:00:00,68.35999999999999,47,heavy intensity drizzle,2014-08-21 07:00:00,Thursday
2014-08-21 08:00:00,67.47799999999997,64,mist,2014-08-21 08:00:00,Thursday
2014-08-21 09:00:00,67.22599999999998,63,mist,2014-08-21 09:00:00,Thursday
2014-08-21 12:00:00,67.29800000000003,26,light rain,2014-08-21 12:00:00,Thursday
2014-08-21 16:00:00,78.36799999999998,35,light rain,2014-08-21 16:00:00,Thursday
2014-08-21 17:00:00,78.53000000000004,33,moderate rain,2014-08-21 17:00:00,Thursday
2014-08-21 18:00:00,78.63800000000005,34,light rain,2014-08-21 18:00:00,Thursday
2014-08-22 01:00:00,72.08599999999997,48,proximity thunderstorm,2014-08-22 01:00:00,Friday
2014-08-22 02:00:00,70.15999999999998,26,heavy intensity rain,2014-08-22 02:00:00,Friday
2014-08-22 03:00:00,68.77400000000002,20,mist,2014-08-22 03:00:00,Friday
2014-08-22 04:00:00,68.558,15,proximity thunderstorm,2014-08-22 04:00:00,Friday
2014-08-22 07:00:00,66.52400000000002,42,light intensity drizzle,2014-08-22 07:00:00,Friday
2014-08-22 08:00:00,66.308,61,mist,2014-08-22 08:00:00,Friday
2014-08-22 09:00:00,65.94800000000002,61,mist,2014-08-22 09:00:00,Friday
2014-08-22 12:00:00,67.35199999999998,31,mist,2014-08-22 12:00:00,Friday
2014-08-22 16:00:00,70.89800000000002,50,overcast clouds,2014-08-22 16:00:00,Friday
2014-08-22 17:00:00,71.79800000000003,49,overcast clouds,2014-08-22 17:00:00,Friday
2014-08-22 18:00:00,73.41799999999998,47,overcast clouds,2014-08-22 18:00:00,Friday
2014-08-23 01:00:00,69.31400000000004,64,overcast clouds,2014-08-23 01:00:00,Saturday
2014-08-23 02:00:00,68.88200000000002,43,overcast clouds,2014-08-23 02:00:00,Saturday
2014-08-23 03:00:00,68.66600000000001,39,overcast clouds,2014-08-23 03:00:00,Saturday
2014-08-23 04:00:00,68.09000000000002,28,broken clouds,2014-08-23 04:00:00,Saturday
2014-08-23 07:00:00,66.25399999999995,35,broken clouds,2014-08-23 07:00:00,Saturday
2014-08-23 08:00:00,65.24600000000005,32,broken clouds,2014-08-23 08:00:00,Saturday
2014-08-23 09:00:00,64.958,43,mist,2014-08-23 09:00:00,Saturday
2014-08-23 12:00:00,65.75,36,broken clouds,2014-08-23 12:00:00,Saturday
2014-08-23 16:00:00,69.692,48,light rain,2014-08-23 16:00:00,Saturday
2014-08-23 17:00:00,70.30399999999995,48,light rain,2014-08-23 17:00:00,Saturday
2014-08-23 18:00:00,70.934,66,light rain,2014-08-23 18:00:00,Saturday
2014-08-24 01:00:00,68.108,85,broken clouds,2014-08-24 01:00:00,Sunday
2014-08-24 02:00:00,67.19000000000003,60,light intensity drizzle,2014-08-24 02:00:00,Sunday
2014-08-24 03:00:00,66.90199999999997,37,broken clouds,2014-08-24 03:00:00,Sunday
2014-08-24 04:00:00,66.48800000000004,29,broken clouds,2014-08-24 04:00:00,Sunday
2014-08-24 07:00:00,62.95999999999998,29,fog,2014-08-24 07:00:00,Sunday
2014-08-24 08:00:00,61.60999999999998,31,mist,2014-08-24 08:00:00,Sunday
2014-08-24 09:00:00,59.86400000000003,42,mist,2014-08-24 09:00:00,Sunday
2014-08-24 12:00:00,61.26799999999999,35,mist,2014-08-24 12:00:00,Sunday
2014-08-24 16:00:00,76.02799999999996,43,scattered clouds,2014-08-24 16:00:00,Sunday
2014-08-24 17:00:00,77.86400000000003,51,broken clouds,2014-08-24 17:00:00,Sunday
2014-08-24 18:00:00,78.15199999999997,40,broken clouds,2014-08-24 18:00:00,Sunday
2014-08-25 01:00:00,67.02799999999996,32,few clouds,2014-08-25 01:00:00,Monday
2014-08-25 02:00:00,66.21799999999999,21,few clouds,2014-08-25 02:00:00,Monday
2014-08-25 03:00:00,63.751999999999974,27,sky is clear,2014-08-25 03:00:00,Monday
2014-08-25 04:00:00,62.582000000000015,17,mist,2014-08-25 04:00:00,Monday
2014-08-25 07:00:00,60.22400000000001,38,mist,2014-08-25 07:00:00,Monday
2014-08-25 08:00:00,59.288000000000046,46,mist,2014-08-25 08:00:00,Monday
2014-08-25 09:00:00,58.766000000000005,45,mist,2014-08-25 09:00:00,Monday
2014-08-25 12:00:00,61.969999999999956,33,mist,2014-08-25 12:00:00,Monday
2014-08-25 16:00:00,80.07799999999996,25,sky is clear,2014-08-25 16:00:00,Monday
2014-08-25 17:00:00,82.25600000000003,27,haze,2014-08-25 17:00:00,Monday
2014-08-25 18:00:00,83.82200000000003,35,few clouds,2014-08-25 18:00:00,Monday
2014-08-26 01:00:00,74.01199999999996,21,scattered clouds,2014-08-26 01:00:00,Tuesday
2014-08-26 02:00:00,72.40999999999998,21,scattered clouds,2014-08-26 02:00:00,Tuesday
2014-08-26 03:00:00,71.83399999999999,15,scattered clouds,2014-08-26 03:00:00,Tuesday
2014-08-26 04:00:00,69.85399999999996,14,broken clouds,2014-08-26 04:00:00,Tuesday
2014-08-26 07:00:00,66.57799999999996,38,mist,2014-08-26 07:00:00,Tuesday
2014-08-26 08:00:00,65.48000000000005,54,mist,2014-08-26 08:00:00,Tuesday
2014-08-26 09:00:00,64.58000000000004,51,mist,2014-08-26 09:00:00,Tuesday
2014-08-26 12:00:00,69.31400000000004,25,few clouds,2014-08-26 12:00:00,Tuesday
2014-08-26 16:00:00,81.23000000000005,47,light rain,2014-08-26 16:00:00,Tuesday
2014-08-26 17:00:00,82.99399999999997,41,light rain,2014-08-26 17:00:00,Tuesday
2014-08-26 18:00:00,84.74000000000002,25,scattered clouds,2014-08-26 18:00:00,Tuesday
2014-08-27 01:00:00,72.78800000000004,25,scattered clouds,2014-08-27 01:00:00,Wednesday
2014-08-27 02:00:00,72.05,18,scattered clouds,2014-08-27 02:00:00,Wednesday
2014-08-27 03:00:00,70.10600000000002,20,few clouds,2014-08-27 03:00:00,Wednesday
2014-08-27 04:00:00,69.09800000000003,19,few clouds,2014-08-27 04:00:00,Wednesday
2014-08-27 07:00:00,66.70399999999995,50,mist,2014-08-27 07:00:00,Wednesday
2014-08-27 08:00:00,65.984,46,mist,2014-08-27 08:00:00,Wednesday
2014-08-27 09:00:00,65.33599999999997,55,mist,2014-08-27 09:00:00,Wednesday
2014-08-27 12:00:00,68.01799999999999,26,mist,2014-08-27 12:00:00,Wednesday
2014-08-27 16:00:00,82.77799999999996,43,scattered clouds,2014-08-27 16:00:00,Wednesday
2014-08-27 17:00:00,85.47799999999997,27,scattered clouds,2014-08-27 17:00:00,Wednesday
2014-08-27 18:00:00,87.98000000000005,37,few clouds,2014-08-27 18:00:00,Wednesday
2014-08-28 01:00:00,78.74600000000005,28,mist,2014-08-28 01:00:00,Thursday
2014-08-28 02:00:00,77.41400000000003,26,mist,2014-08-28 02:00:00,Thursday
2014-08-28 03:00:00,75.83000000000004,17,mist,2014-08-28 03:00:00,Thursday
2014-08-28 04:00:00,75.59600000000005,18,mist,2014-08-28 04:00:00,Thursday
2014-08-28 07:00:00,72.93200000000002,40,fog,2014-08-28 07:00:00,Thursday
2014-08-28 08:00:00,71.18599999999996,65,fog,2014-08-28 08:00:00,Thursday
2014-08-28 09:00:00,70.28599999999997,56,fog,2014-08-28 09:00:00,Thursday
2014-08-28 12:00:00,66.86600000000001,30,scattered clouds,2014-08-28 12:00:00,Thursday
2014-08-28 16:00:00,74.60600000000002,38,sky is clear,2014-08-28 16:00:00,Thursday
2014-08-28 17:00:00,76.49600000000005,32,few clouds,2014-08-28 17:00:00,Thursday
2014-08-28 18:00:00,77.97200000000004,44,few clouds,2014-08-28 18:00:00,Thursday
2014-08-29 01:00:00,70.51999999999995,34,light rain,2014-08-29 01:00:00,Friday
2014-08-29 02:00:00,68.16199999999995,25,light rain,2014-08-29 02:00:00,Friday
2014-08-29 03:00:00,64.52599999999998,19,light rain,2014-08-29 03:00:00,Friday
2014-08-29 04:00:00,63.733999999999995,18,light rain,2014-08-29 04:00:00,Friday
2014-08-29 07:00:00,59.288000000000046,56,light rain,2014-08-29 07:00:00,Friday
2014-08-29 08:00:00,57.25399999999995,69,sky is clear,2014-08-29 08:00:00,Friday
2014-08-29 09:00:00,56.94800000000002,73,sky is clear,2014-08-29 09:00:00,Friday
2014-08-29 12:00:00,59.935999999999964,42,light rain,2014-08-29 12:00:00,Friday
2014-08-29 16:00:00,72.80600000000003,52,light rain,2014-08-29 16:00:00,Friday
2014-08-29 17:00:00,74.67799999999997,46,light rain,2014-08-29 17:00:00,Friday
2014-08-29 18:00:00,75.61400000000003,56,light rain,2014-08-29 18:00:00,Friday
2014-08-30 01:00:00,67.17200000000004,60,broken clouds,2014-08-30 01:00:00,Saturday
2014-08-30 02:00:00,66.29000000000002,51,broken clouds,2014-08-30 02:00:00,Saturday
2014-08-30 03:00:00,64.38200000000002,57,broken clouds,2014-08-30 03:00:00,Saturday
2014-08-30 04:00:00,62.50999999999998,48,scattered clouds,2014-08-30 04:00:00,Saturday
2014-08-30 07:00:00,59.233999999999995,34,mist,2014-08-30 07:00:00,Saturday
2014-08-30 08:00:00,58.67599999999999,39,mist,2014-08-30 08:00:00,Saturday
2014-08-30 09:00:00,57.91999999999996,38,mist,2014-08-30 09:00:00,Saturday
2014-08-30 12:00:00,60.61999999999996,48,mist,2014-08-30 12:00:00,Saturday
2014-08-30 16:00:00,74.75,75,scattered clouds,2014-08-30 16:00:00,Saturday
2014-08-30 17:00:00,76.1,46,scattered clouds,2014-08-30 17:00:00,Saturday
2014-08-30 18:00:00,76.29800000000003,55,broken clouds,2014-08-30 18:00:00,Saturday
2014-08-31 01:00:00,73.09399999999997,77,overcast clouds,2014-08-31 01:00:00,Sunday
2014-08-31 02:00:00,72.59000000000002,76,overcast clouds,2014-08-31 02:00:00,Sunday
2014-08-31 03:00:00,72.392,48,overcast clouds,2014-08-31 03:00:00,Sunday
2014-08-31 04:00:00,72.17599999999999,31,broken clouds,2014-08-31 04:00:00,Sunday
2014-08-31 07:00:00,71.07799999999996,39,overcast clouds,2014-08-31 07:00:00,Sunday
2014-08-31 08:00:00,71.042,35,overcast clouds,2014-08-31 08:00:00,Sunday
2014-08-31 09:00:00,71.20399999999995,33,overcast clouds,2014-08-31 09:00:00,Sunday
2014-08-31 12:00:00,72.21199999999996,34,fog,2014-08-31 12:00:00,Sunday
2014-08-31 16:00:00,80.36600000000001,68,haze,2014-08-31 16:00:00,Sunday
2014-08-31 17:00:00,83.408,57,broken clouds,2014-08-31 17:00:00,Sunday
2014-08-31 18:00:00,86.93599999999996,50,broken clouds,2014-08-31 18:00:00,Sunday
2014-09-01 01:00:00,75.61400000000003,48,mist,2014-09-01 01:00:00,Monday
2014-09-01 02:00:00,75.61400000000003,47,mist,2014-09-01 02:00:00,Monday
2014-09-01 03:00:00,74.858,24,mist,2014-09-01 03:00:00,Monday
2014-09-01 04:00:00,74.69600000000005,19,mist,2014-09-01 04:00:00,Monday
2014-09-01 07:00:00,73.54399999999997,23,mist,2014-09-01 07:00:00,Monday
2014-09-01 08:00:00,73.54399999999997,20,fog,2014-09-01 08:00:00,Monday
2014-09-01 09:00:00,73.23800000000004,18,mist,2014-09-01 09:00:00,Monday
2014-09-01 12:00:00,74.08399999999999,19,fog,2014-09-01 12:00:00,Monday
2014-09-01 16:00:00,82.058,37,scattered clouds,2014-09-01 16:00:00,Monday
2014-09-01 17:00:00,84.308,40,broken clouds,2014-09-01 17:00:00,Monday
2014-09-01 18:00:00,84.91999999999996,41,broken clouds,2014-09-01 18:00:00,Monday
2014-09-02 01:00:00,77.75600000000003,34,broken clouds,2014-09-02 01:00:00,Tuesday
2014-09-02 02:00:00,77.52200000000003,23,broken clouds,2014-09-02 02:00:00,Tuesday
2014-09-02 03:00:00,76.442,27,mist,2014-09-02 03:00:00,Tuesday
2014-09-02 04:00:00,75.70399999999995,17,mist,2014-09-02 04:00:00,Tuesday
2014-09-02 07:00:00,73.56199999999995,45,mist,2014-09-02 07:00:00,Tuesday
2014-09-02 08:00:00,73.32799999999996,73,fog,2014-09-02 08:00:00,Tuesday
2014-09-02 09:00:00,72.75199999999998,55,fog,2014-09-02 09:00:00,Tuesday
2014-09-02 12:00:00,73.90399999999995,40,mist,2014-09-02 12:00:00,Tuesday
2014-09-02 16:00:00,87.53000000000004,49,broken clouds,2014-09-02 16:00:00,Tuesday
2014-09-02 17:00:00,88.03399999999999,46,broken clouds,2014-09-02 17:00:00,Tuesday
2014-09-02 18:00:00,89.24000000000002,48,broken clouds,2014-09-02 18:00:00,Tuesday
2014-09-03 01:00:00,81.53599999999997,24,broken clouds,2014-09-03 01:00:00,Wednesday
2014-09-03 02:00:00,81.42799999999997,21,broken clouds,2014-09-03 02:00:00,Wednesday
2014-09-03 03:00:00,81.06799999999998,12,broken clouds,2014-09-03 03:00:00,Wednesday
2014-09-03 04:00:00,79.53800000000004,29,broken clouds,2014-09-03 04:00:00,Wednesday
2014-09-03 07:00:00,74.01199999999996,47,broken clouds,2014-09-03 07:00:00,Wednesday
2014-09-03 08:00:00,72.23000000000005,70,scattered clouds,2014-09-03 08:00:00,Wednesday
2014-09-03 09:00:00,71.22200000000004,75,few clouds,2014-09-03 09:00:00,Wednesday
2014-09-03 12:00:00,69.94399999999997,42,fog,2014-09-03 12:00:00,Wednesday
2014-09-03 16:00:00,78.74600000000005,41,few clouds,2014-09-03 16:00:00,Wednesday
2014-09-03 17:00:00,80.38399999999999,51,broken clouds,2014-09-03 17:00:00,Wednesday
2014-09-03 18:00:00,82.076,49,broken clouds,2014-09-03 18:00:00,Wednesday
2014-09-04 01:00:00,73.54399999999997,17,scattered clouds,2014-09-04 01:00:00,Thursday
2014-09-04 02:00:00,70.75399999999995,15,scattered clouds,2014-09-04 02:00:00,Thursday
2014-09-04 03:00:00,69.89000000000001,22,scattered clouds,2014-09-04 03:00:00,Thursday
2014-09-04 04:00:00,68.19800000000002,11,fog,2014-09-04 04:00:00,Thursday
2014-09-04 07:00:00,64.63399999999999,58,mist,2014-09-04 07:00:00,Thursday
2014-09-04 08:00:00,63.842,93,fog,2014-09-04 08:00:00,Thursday
2014-09-04 09:00:00,62.94199999999999,63,sky is clear,2014-09-04 09:00:00,Thursday
2014-09-04 12:00:00,64.16600000000001,52,mist,2014-09-04 12:00:00,Thursday
2014-09-04 16:00:00,81.64399999999998,47,mist,2014-09-04 16:00:00,Thursday
2014-09-04 17:00:00,83.3,33,mist,2014-09-04 17:00:00,Thursday
2014-09-04 18:00:00,84.55999999999997,45,few clouds,2014-09-04 18:00:00,Thursday
2014-09-05 01:00:00,76.208,23,scattered clouds,2014-09-05 01:00:00,Friday
2014-09-05 02:00:00,74.73200000000001,28,scattered clouds,2014-09-05 02:00:00,Friday
2014-09-05 03:00:00,72.40999999999998,16,scattered clouds,2014-09-05 03:00:00,Friday
2014-09-05 04:00:00,71.58200000000002,8,scattered clouds,2014-09-05 04:00:00,Friday
2014-09-05 07:00:00,68.32400000000001,63,mist,2014-09-05 07:00:00,Friday
2014-09-05 08:00:00,68.54000000000002,82,mist,2014-09-05 08:00:00,Friday
2014-09-05 09:00:00,68.14399999999998,72,broken clouds,2014-09-05 09:00:00,Friday
2014-09-05 12:00:00,69.99800000000002,41,haze,2014-09-05 12:00:00,Friday
2014-09-05 16:00:00,79.98800000000004,49,mist,2014-09-05 16:00:00,Friday
2014-09-05 17:00:00,81.42799999999997,54,haze,2014-09-05 17:00:00,Friday
2014-09-05 18:00:00,82.34600000000005,48,haze,2014-09-05 18:00:00,Friday
2014-09-06 01:00:00,77.30600000000003,62,scattered clouds,2014-09-06 01:00:00,Saturday
2014-09-06 02:00:00,75.63200000000002,53,light rain,2014-09-06 02:00:00,Saturday
2014-09-06 03:00:00,74.94800000000002,39,mist,2014-09-06 03:00:00,Saturday
2014-09-06 04:00:00,74.44399999999997,33,mist,2014-09-06 04:00:00,Saturday
2014-09-06 07:00:00,73.59800000000003,35,mist,2014-09-06 07:00:00,Saturday
2014-09-06 08:00:00,73.4,37,fog,2014-09-06 08:00:00,Saturday
2014-09-06 09:00:00,73.41799999999998,35,mist,2014-09-06 09:00:00,Saturday
2014-09-06 12:00:00,75.74000000000002,29,haze,2014-09-06 12:00:00,Saturday
2014-09-06 16:00:00,84.91999999999996,57,scattered clouds,2014-09-06 16:00:00,Saturday
2014-09-06 17:00:00,85.78399999999999,50,scattered clouds,2014-09-06 17:00:00,Saturday
2014-09-06 18:00:00,88.016,66,thunderstorm with light rain,2014-09-06 18:00:00,Saturday
2014-09-07 01:00:00,75.14600000000004,87,proximity thunderstorm,2014-09-07 01:00:00,Sunday
2014-09-07 02:00:00,74.11999999999996,59,proximity thunderstorm,2014-09-07 02:00:00,Sunday
2014-09-07 03:00:00,70.51999999999995,49,thunderstorm,2014-09-07 03:00:00,Sunday
2014-09-07 04:00:00,66.45199999999997,33,light rain,2014-09-07 04:00:00,Sunday
2014-09-07 07:00:00,63.68000000000004,24,overcast clouds,2014-09-07 07:00:00,Sunday
2014-09-07 08:00:00,63.82400000000001,24,light rain,2014-09-07 08:00:00,Sunday
2014-09-07 09:00:00,63.535999999999966,28,light rain,2014-09-07 09:00:00,Sunday
2014-09-07 12:00:00,64.16600000000001,39,scattered clouds,2014-09-07 12:00:00,Sunday
2014-09-07 16:00:00,73.83200000000002,58,scattered clouds,2014-09-07 16:00:00,Sunday
2014-09-07 17:00:00,75.70399999999995,37,broken clouds,2014-09-07 17:00:00,Sunday
2014-09-07 18:00:00,76.81999999999996,42,scattered clouds,2014-09-07 18:00:00,Sunday
2014-09-08 01:00:00,67.17200000000004,41,broken clouds,2014-09-08 01:00:00,Monday
2014-09-08 02:00:00,66.03800000000004,20,broken clouds,2014-09-08 02:00:00,Monday
2014-09-08 03:00:00,64.09399999999997,15,scattered clouds,2014-09-08 03:00:00,Monday
2014-09-08 04:00:00,62.94199999999999,11,scattered clouds,2014-09-08 04:00:00,Monday
2014-09-08 07:00:00,60.188000000000045,67,broken clouds,2014-09-08 07:00:00,Monday
2014-09-08 08:00:00,59.66600000000001,74,mist,2014-09-08 08:00:00,Monday
2014-09-08 09:00:00,58.693999999999974,69,broken clouds,2014-09-08 09:00:00,Monday
2014-09-08 12:00:00,60.44000000000002,33,scattered clouds,2014-09-08 12:00:00,Monday
2014-09-08 16:00:00,72.23000000000005,33,broken clouds,2014-09-08 16:00:00,Monday
2014-09-08 17:00:00,73.74199999999999,39,broken clouds,2014-09-08 17:00:00,Monday
2014-09-08 18:00:00,74.49800000000002,40,broken clouds,2014-09-08 18:00:00,Monday
2014-09-09 01:00:00,67.80199999999998,19,broken clouds,2014-09-09 01:00:00,Tuesday
2014-09-09 02:00:00,66.59600000000005,22,broken clouds,2014-09-09 02:00:00,Tuesday
2014-09-09 03:00:00,65.94800000000002,15,broken clouds,2014-09-09 03:00:00,Tuesday
2014-09-09 04:00:00,64.66999999999996,9,broken clouds,2014-09-09 04:00:00,Tuesday
2014-09-09 07:00:00,61.7,60,scattered clouds,2014-09-09 07:00:00,Tuesday
2014-09-09 08:00:00,61.016000000000005,76,scattered clouds,2014-09-09 08:00:00,Tuesday
2014-09-09 09:00:00,61.37599999999999,58,broken clouds,2014-09-09 09:00:00,Tuesday
2014-09-09 12:00:00,62.041999999999994,32,broken clouds,2014-09-09 12:00:00,Tuesday
2014-09-09 16:00:00,69.09800000000003,37,overcast clouds,2014-09-09 16:00:00,Tuesday
2014-09-09 17:00:00,69.8,37,overcast clouds,2014-09-09 17:00:00,Tuesday
2014-09-09 18:00:00,71.11400000000003,31,overcast clouds,2014-09-09 18:00:00,Tuesday
2014-09-10 01:00:00,68.9,26,overcast clouds,2014-09-10 01:00:00,Wednesday
2014-09-10 02:00:00,68.21600000000001,17,overcast clouds,2014-09-10 02:00:00,Wednesday
2014-09-10 03:00:00,67.78399999999999,17,overcast clouds,2014-09-10 03:00:00,Wednesday
2014-09-10 04:00:00,67.15399999999995,9,overcast clouds,2014-09-10 04:00:00,Wednesday
2014-09-10 07:00:00,64.83200000000002,63,light rain,2014-09-10 07:00:00,Wednesday
2014-09-10 08:00:00,64.04000000000002,71,light rain,2014-09-10 08:00:00,Wednesday
2014-09-10 09:00:00,63.31999999999996,81,light rain,2014-09-10 09:00:00,Wednesday
2014-09-10 12:00:00,62.024000000000015,37,broken clouds,2014-09-10 12:00:00,Wednesday
2014-09-10 16:00:00,72.37400000000001,27,light rain,2014-09-10 16:00:00,Wednesday
2014-09-10 17:00:00,74.066,41,mist,2014-09-10 17:00:00,Wednesday
2014-09-10 18:00:00,75.07400000000001,30,broken clouds,2014-09-10 18:00:00,Wednesday
2014-09-11 01:00:00,68.71999999999996,23,broken clouds,2014-09-11 01:00:00,Thursday
2014-09-11 02:00:00,67.98200000000001,14,broken clouds,2014-09-11 02:00:00,Thursday
2014-09-11 03:00:00,67.08200000000002,12,broken clouds,2014-09-11 03:00:00,Thursday
2014-09-11 04:00:00,66.72200000000004,10,broken clouds,2014-09-11 04:00:00,Thursday
2014-09-11 07:00:00,66.27200000000003,61,broken clouds,2014-09-11 07:00:00,Thursday
2014-09-11 08:00:00,66.55999999999997,81,broken clouds,2014-09-11 08:00:00,Thursday
2014-09-11 09:00:00,66.68599999999996,66,light rain,2014-09-11 09:00:00,Thursday
2014-09-11 12:00:00,68.28800000000004,35,mist,2014-09-11 12:00:00,Thursday
2014-09-11 16:00:00,75.23599999999996,36,overcast clouds,2014-09-11 16:00:00,Thursday
2014-09-11 17:00:00,76.67599999999999,46,overcast clouds,2014-09-11 17:00:00,Thursday
2014-09-11 18:00:00,77.66600000000001,42,overcast clouds,2014-09-11 18:00:00,Thursday
2014-09-12 01:00:00,75.38000000000004,25,scattered clouds,2014-09-12 01:00:00,Friday
2014-09-12 02:00:00,74.31799999999998,23,scattered clouds,2014-09-12 02:00:00,Friday
2014-09-12 03:00:00,73.00399999999995,13,scattered clouds,2014-09-12 03:00:00,Friday
2014-09-12 04:00:00,70.55600000000003,8,scattered clouds,2014-09-12 04:00:00,Friday
2014-09-12 07:00:00,63.877999999999965,47,few clouds,2014-09-12 07:00:00,Friday
2014-09-12 08:00:00,62.27599999999999,90,broken clouds,2014-09-12 08:00:00,Friday
2014-09-12 09:00:00,61.483999999999995,55,scattered clouds,2014-09-12 09:00:00,Friday
2014-09-12 12:00:00,60.061999999999955,36,scattered clouds,2014-09-12 12:00:00,Friday
2014-09-12 16:00:00,68.25199999999998,41,scattered clouds,2014-09-12 16:00:00,Friday
2014-09-12 17:00:00,70.934,51,scattered clouds,2014-09-12 17:00:00,Friday
2014-09-12 18:00:00,73.23800000000004,56,sky is clear,2014-09-12 18:00:00,Friday
2014-09-13 01:00:00,62.41999999999996,81,sky is clear,2014-09-13 01:00:00,Saturday
2014-09-13 02:00:00,61.214000000000034,53,few clouds,2014-09-13 02:00:00,Saturday
2014-09-13 03:00:00,61.05199999999998,32,broken clouds,2014-09-13 03:00:00,Saturday
2014-09-13 04:00:00,59.39600000000005,43,broken clouds,2014-09-13 04:00:00,Saturday
2014-09-13 07:00:00,57.685999999999964,35,broken clouds,2014-09-13 07:00:00,Saturday
2014-09-13 08:00:00,57.038000000000046,34,broken clouds,2014-09-13 08:00:00,Saturday
2014-09-13 09:00:00,57.685999999999964,44,broken clouds,2014-09-13 09:00:00,Saturday
2014-09-13 12:00:00,59.50399999999995,42,overcast clouds,2014-09-13 12:00:00,Saturday
2014-09-13 16:00:00,63.64399999999997,79,light intensity drizzle,2014-09-13 16:00:00,Saturday
2014-09-13 17:00:00,65.69600000000005,53,light rain,2014-09-13 17:00:00,Saturday
2014-09-13 18:00:00,65.80399999999995,67,moderate rain,2014-09-13 18:00:00,Saturday
2014-09-14 01:00:00,61.26799999999999,104,mist,2014-09-14 01:00:00,Sunday
2014-09-14 02:00:00,60.63800000000005,60,fog,2014-09-14 02:00:00,Sunday
2014-09-14 03:00:00,59.251999999999974,76,fog,2014-09-14 03:00:00,Sunday
2014-09-14 04:00:00,58.082000000000015,36,fog,2014-09-14 04:00:00,Sunday
2014-09-14 07:00:00,54.08599999999997,38,light rain,2014-09-14 07:00:00,Sunday
2014-09-14 08:00:00,52.483999999999995,37,sky is clear,2014-09-14 08:00:00,Sunday
2014-09-14 09:00:00,51.35,31,mist,2014-09-14 09:00:00,Sunday
2014-09-14 12:00:00,51.22400000000001,42,mist,2014-09-14 12:00:00,Sunday
2014-09-14 16:00:00,61.66400000000003,52,scattered clouds,2014-09-14 16:00:00,Sunday
2014-09-14 17:00:00,65.10199999999998,51,broken clouds,2014-09-14 17:00:00,Sunday
2014-09-14 18:00:00,66.16400000000003,49,broken clouds,2014-09-14 18:00:00,Sunday
2014-09-15 01:00:00,58.51400000000003,34,broken clouds,2014-09-15 01:00:00,Monday
2014-09-15 02:00:00,56.82200000000004,21,scattered clouds,2014-09-15 02:00:00,Monday
2014-09-15 03:00:00,55.36400000000003,15,scattered clouds,2014-09-15 03:00:00,Monday
2014-09-15 04:00:00,54.30199999999998,14,mist,2014-09-15 04:00:00,Monday
2014-09-15 07:00:00,50.54000000000002,67,sky is clear,2014-09-15 07:00:00,Monday
2014-09-15 08:00:00,49.964000000000034,81,mist,2014-09-15 08:00:00,Monday
2014-09-15 09:00:00,49.51400000000003,63,fog,2014-09-15 09:00:00,Monday
2014-09-15 12:00:00,50.99000000000002,26,mist,2014-09-15 12:00:00,Monday
2014-09-15 16:00:00,65.04800000000003,34,scattered clouds,2014-09-15 16:00:00,Monday
2014-09-15 17:00:00,66.90199999999997,39,scattered clouds,2014-09-15 17:00:00,Monday
2014-09-15 18:00:00,68.684,25,scattered clouds,2014-09-15 18:00:00,Monday
2014-09-16 01:00:00,59.54000000000002,36,broken clouds,2014-09-16 01:00:00,Tuesday
2014-09-16 02:00:00,58.60399999999995,12,broken clouds,2014-09-16 02:00:00,Tuesday
2014-09-16 03:00:00,57.29000000000002,9,broken clouds,2014-09-16 03:00:00,Tuesday
2014-09-16 04:00:00,56.443999999999974,12,mist,2014-09-16 04:00:00,Tuesday
2014-09-16 07:00:00,56.08399999999999,45,overcast clouds,2014-09-16 07:00:00,Tuesday
2014-09-16 08:00:00,56.641999999999996,113,overcast clouds,2014-09-16 08:00:00,Tuesday
2014-09-16 09:00:00,56.101999999999975,90,mist,2014-09-16 09:00:00,Tuesday
2014-09-16 12:00:00,57.30800000000001,29,mist,2014-09-16 12:00:00,Tuesday
2014-09-16 16:00:00,62.40199999999997,22,mist,2014-09-16 16:00:00,Tuesday
2014-09-16 17:00:00,65.858,35,broken clouds,2014-09-16 17:00:00,Tuesday
2014-09-16 18:00:00,66.74000000000002,30,broken clouds,2014-09-16 18:00:00,Tuesday
2014-09-17 01:00:00,60.29600000000005,23,scattered clouds,2014-09-17 01:00:00,Wednesday
2014-09-17 02:00:00,58.711999999999954,13,broken clouds,2014-09-17 02:00:00,Wednesday
2014-09-17 03:00:00,56.87599999999999,19,mist,2014-09-17 03:00:00,Wednesday
2014-09-17 04:00:00,55.814000000000036,16,haze,2014-09-17 04:00:00,Wednesday
2014-09-17 07:00:00,52.682000000000016,56,fog,2014-09-17 07:00:00,Wednesday
2014-09-17 08:00:00,51.674000000000014,72,fog,2014-09-17 08:00:00,Wednesday
2014-09-17 09:00:00,51.02599999999999,36,fog,2014-09-17 09:00:00,Wednesday
2014-09-17 12:00:00,51.25999999999998,30,fog,2014-09-17 12:00:00,Wednesday
2014-09-17 16:00:00,67.08200000000002,29,scattered clouds,2014-09-17 16:00:00,Wednesday
2014-09-17 17:00:00,69.33200000000002,30,scattered clouds,2014-09-17 17:00:00,Wednesday
2014-09-17 18:00:00,69.8,43,scattered clouds,2014-09-17 18:00:00,Wednesday
2014-09-18 01:00:00,59.97200000000004,24,scattered clouds,2014-09-18 01:00:00,Thursday
2014-09-18 02:00:00,57.758,16,scattered clouds,2014-09-18 02:00:00,Thursday
2014-09-18 03:00:00,55.832000000000015,21,scattered clouds,2014-09-18 03:00:00,Thursday
2014-09-18 04:00:00,54.71600000000001,18,scattered clouds,2014-09-18 04:00:00,Thursday
2014-09-18 07:00:00,51.76400000000003,57,sky is clear,2014-09-18 07:00:00,Thursday
2014-09-18 08:00:00,51.36799999999998,79,mist,2014-09-18 08:00:00,Thursday
2014-09-18 09:00:00,51.11600000000001,67,mist,2014-09-18 09:00:00,Thursday
2014-09-18 12:00:00,53.780000000000044,34,mist,2014-09-18 12:00:00,Thursday
2014-09-18 16:00:00,71.20399999999995,37,scattered clouds,2014-09-18 16:00:00,Thursday
2014-09-18 17:00:00,71.95999999999998,48,scattered clouds,2014-09-18 17:00:00,Thursday
2014-09-18 18:00:00,73.09399999999997,39,scattered clouds,2014-09-18 18:00:00,Thursday
2014-09-19 01:00:00,62.29399999999997,23,few clouds,2014-09-19 01:00:00,Friday
2014-09-19 02:00:00,59.68399999999999,26,few clouds,2014-09-19 02:00:00,Friday
2014-09-19 03:00:00,59.45,23,few clouds,2014-09-19 03:00:00,Friday
2014-09-19 04:00:00,58.424000000000014,14,few clouds,2014-09-19 04:00:00,Friday
2014-09-19 07:00:00,56.3,72,mist,2014-09-19 07:00:00,Friday
2014-09-19 08:00:00,56.06600000000001,86,mist,2014-09-19 08:00:00,Friday
2014-09-19 09:00:00,55.075999999999986,66,mist,2014-09-19 09:00:00,Friday
2014-09-19 12:00:00,52.39399999999997,37,broken clouds,2014-09-19 12:00:00,Friday
2014-09-19 16:00:00,60.83599999999997,33,broken clouds,2014-09-19 16:00:00,Friday
2014-09-19 17:00:00,62.07799999999996,42,broken clouds,2014-09-19 17:00:00,Friday
2014-09-19 18:00:00,63.535999999999966,53,scattered clouds,2014-09-19 18:00:00,Friday
2014-09-20 01:00:00,57.79399999999997,58,broken clouds,2014-09-20 01:00:00,Saturday
2014-09-20 02:00:00,57.758,48,broken clouds,2014-09-20 02:00:00,Saturday
2014-09-20 03:00:00,57.21799999999998,58,broken clouds,2014-09-20 03:00:00,Saturday
2014-09-20 04:00:00,56.75,40,mist,2014-09-20 04:00:00,Saturday
2014-09-20 07:00:00,55.291999999999994,35,mist,2014-09-20 07:00:00,Saturday
2014-09-20 08:00:00,55.346000000000046,36,mist,2014-09-20 08:00:00,Saturday
2014-09-20 09:00:00,54.95,32,mist,2014-09-20 09:00:00,Saturday
2014-09-20 12:00:00,56.76799999999999,33,mist,2014-09-20 12:00:00,Saturday
2014-09-20 16:00:00,71.78000000000004,47,broken clouds,2014-09-20 16:00:00,Saturday
2014-09-20 17:00:00,72.31999999999996,47,broken clouds,2014-09-20 17:00:00,Saturday
2014-09-20 18:00:00,73.45399999999995,49,broken clouds,2014-09-20 18:00:00,Saturday
2014-09-21 01:00:00,67.26199999999996,92,scattered clouds,2014-09-21 01:00:00,Sunday
2014-09-21 02:00:00,65.93000000000004,80,broken clouds,2014-09-21 02:00:00,Sunday
2014-09-21 03:00:00,65.24600000000005,48,mist,2014-09-21 03:00:00,Sunday
2014-09-21 04:00:00,65.42599999999999,49,overcast clouds,2014-09-21 04:00:00,Sunday
2014-09-21 07:00:00,65.35399999999996,19,mist,2014-09-21 07:00:00,Sunday
2014-09-21 08:00:00,64.90399999999995,26,mist,2014-09-21 08:00:00,Sunday
2014-09-21 09:00:00,64.92200000000004,27,moderate rain,2014-09-21 09:00:00,Sunday
2014-09-21 12:00:00,65.984,49,fog,2014-09-21 12:00:00,Sunday
2014-09-21 16:00:00,72.01400000000004,37,fog,2014-09-21 16:00:00,Sunday
2014-09-21 17:00:00,72.842,46,mist,2014-09-21 17:00:00,Sunday
2014-09-21 18:00:00,73.81400000000004,38,mist,2014-09-21 18:00:00,Sunday
2014-09-22 01:00:00,69.24199999999999,33,mist,2014-09-22 01:00:00,Monday
2014-09-22 02:00:00,68.16199999999995,23,mist,2014-09-22 02:00:00,Monday
2014-09-22 03:00:00,68.66600000000001,9,mist,2014-09-22 03:00:00,Monday
2014-09-22 04:00:00,68.84600000000005,22,mist,2014-09-22 04:00:00,Monday
2014-09-22 07:00:00,64.4,57,mist,2014-09-22 07:00:00,Monday
2014-09-22 08:00:00,63.158,68,mist,2014-09-22 08:00:00,Monday
2014-09-22 09:00:00,62.185999999999964,52,scattered clouds,2014-09-22 09:00:00,Monday
2014-09-22 12:00:00,61.501999999999974,23,light rain,2014-09-22 12:00:00,Monday
2014-09-22 16:00:00,66.88399999999999,38,broken clouds,2014-09-22 16:00:00,Monday
2014-09-22 17:00:00,68.05399999999995,31,overcast clouds,2014-09-22 17:00:00,Monday
2014-09-22 18:00:00,67.98200000000001,33,broken clouds,2014-09-22 18:00:00,Monday
2014-09-23 01:00:00,58.45999999999998,34,broken clouds,2014-09-23 01:00:00,Tuesday
2014-09-23 02:00:00,56.55199999999998,9,scattered clouds,2014-09-23 02:00:00,Tuesday
2014-09-23 03:00:00,53.851999999999975,14,scattered clouds,2014-09-23 03:00:00,Tuesday
2014-09-23 04:00:00,51.8,8,few clouds,2014-09-23 04:00:00,Tuesday
2014-09-23 07:00:00,48.65,49,sky is clear,2014-09-23 07:00:00,Tuesday
2014-09-23 08:00:00,47.94800000000002,66,few clouds,2014-09-23 08:00:00,Tuesday
2014-09-23 09:00:00,46.75999999999998,73,few clouds,2014-09-23 09:00:00,Tuesday
2014-09-23 12:00:00,50.035999999999966,23,few clouds,2014-09-23 12:00:00,Tuesday
2014-09-23 16:00:00,62.81600000000001,28,scattered clouds,2014-09-23 16:00:00,Tuesday
2014-09-23 17:00:00,64.68800000000005,37,scattered clouds,2014-09-23 17:00:00,Tuesday
2014-09-23 18:00:00,67.28000000000004,34,few clouds,2014-09-23 18:00:00,Tuesday
2014-09-24 01:00:00,59.63000000000004,18,few clouds,2014-09-24 01:00:00,Wednesday
2014-09-24 02:00:00,57.84800000000003,17,few clouds,2014-09-24 02:00:00,Wednesday
2014-09-24 03:00:00,56.94800000000002,15,few clouds,2014-09-24 03:00:00,Wednesday
2014-09-24 04:00:00,55.70600000000003,16,few clouds,2014-09-24 04:00:00,Wednesday
2014-09-24 07:00:00,53.492,53,mist,2014-09-24 07:00:00,Wednesday
2014-09-24 08:00:00,52.556000000000026,74,mist,2014-09-24 08:00:00,Wednesday
2014-09-24 09:00:00,52.60999999999998,57,scattered clouds,2014-09-24 09:00:00,Wednesday
2014-09-24 12:00:00,53.41999999999996,29,scattered clouds,2014-09-24 12:00:00,Wednesday
2014-09-24 16:00:00,68.41400000000003,38,broken clouds,2014-09-24 16:00:00,Wednesday
2014-09-24 17:00:00,68.43200000000002,30,broken clouds,2014-09-24 17:00:00,Wednesday
2014-09-24 18:00:00,70.75399999999995,38,broken clouds,2014-09-24 18:00:00,Wednesday
2014-09-25 01:00:00,64.81400000000004,16,broken clouds,2014-09-25 01:00:00,Thursday
2014-09-25 02:00:00,63.464000000000034,22,overcast clouds,2014-09-25 02:00:00,Thursday
2014-09-25 03:00:00,62.88800000000005,20,overcast clouds,2014-09-25 03:00:00,Thursday
2014-09-25 04:00:00,62.54600000000005,14,overcast clouds,2014-09-25 04:00:00,Thursday
2014-09-25 07:00:00,61.34000000000002,38,overcast clouds,2014-09-25 07:00:00,Thursday
2014-09-25 08:00:00,61.358000000000004,78,light rain,2014-09-25 08:00:00,Thursday
2014-09-25 09:00:00,61.46600000000001,86,light rain,2014-09-25 09:00:00,Thursday
2014-09-25 12:00:00,60.332000000000015,38,light rain,2014-09-25 12:00:00,Thursday
2014-09-25 16:00:00,58.58599999999997,40,mist,2014-09-25 16:00:00,Thursday
2014-09-25 17:00:00,59.522000000000034,46,mist,2014-09-25 17:00:00,Thursday
2014-09-25 18:00:00,60.58399999999999,41,mist,2014-09-25 18:00:00,Thursday
2014-09-26 01:00:00,61.95199999999998,34,broken clouds,2014-09-26 01:00:00,Friday
2014-09-26 02:00:00,60.98000000000004,21,mist,2014-09-26 02:00:00,Friday
2014-09-26 03:00:00,58.92799999999996,12,broken clouds,2014-09-26 03:00:00,Friday
2014-09-26 04:00:00,58.33399999999999,18,mist,2014-09-26 04:00:00,Friday
2014-09-26 07:00:00,55.59800000000003,43,mist,2014-09-26 07:00:00,Friday
2014-09-26 08:00:00,53.708000000000006,47,mist,2014-09-26 08:00:00,Friday
2014-09-26 09:00:00,53.096000000000046,78,mist,2014-09-26 09:00:00,Friday
2014-09-26 12:00:00,53.311999999999955,45,fog,2014-09-26 12:00:00,Friday
2014-09-26 16:00:00,71.95999999999998,46,few clouds,2014-09-26 16:00:00,Friday
2014-09-26 17:00:00,72.158,44,few clouds,2014-09-26 17:00:00,Friday
2014-09-26 18:00:00,73.94000000000003,35,few clouds,2014-09-26 18:00:00,Friday
2014-09-27 01:00:00,65.31799999999998,71,few clouds,2014-09-27 01:00:00,Saturday
2014-09-27 02:00:00,61.91600000000001,62,sky is clear,2014-09-27 02:00:00,Saturday
2014-09-27 03:00:00,60.13399999999999,58,sky is clear,2014-09-27 03:00:00,Saturday
2014-09-27 04:00:00,59.575999999999986,46,mist,2014-09-27 04:00:00,Saturday
2014-09-27 07:00:00,55.975999999999985,39,mist,2014-09-27 07:00:00,Saturday
2014-09-27 08:00:00,55.832000000000015,38,mist,2014-09-27 08:00:00,Saturday
2014-09-27 09:00:00,55.05800000000001,38,fog,2014-09-27 09:00:00,Saturday
2014-09-27 12:00:00,57.398000000000025,33,mist,2014-09-27 12:00:00,Saturday
2014-09-27 16:00:00,74.516,43,sky is clear,2014-09-27 16:00:00,Saturday
2014-09-27 17:00:00,80.00600000000003,51,sky is clear,2014-09-27 17:00:00,Saturday
2014-09-27 18:00:00,80.02400000000002,37,sky is clear,2014-09-27 18:00:00,Saturday
2014-09-28 01:00:00,66.18200000000002,97,sky is clear,2014-09-28 01:00:00,Sunday
2014-09-28 02:00:00,64.50800000000001,63,sky is clear,2014-09-28 02:00:00,Sunday
2014-09-28 03:00:00,62.83399999999999,36,sky is clear,2014-09-28 03:00:00,Sunday
2014-09-28 04:00:00,62.780000000000044,33,fog,2014-09-28 04:00:00,Sunday
2014-09-28 07:00:00,59.59399999999997,28,sky is clear,2014-09-28 07:00:00,Sunday
2014-09-28 08:00:00,57.685999999999964,31,mist,2014-09-28 08:00:00,Sunday
2014-09-28 09:00:00,57.667999999999985,27,mist,2014-09-28 09:00:00,Sunday
2014-09-28 12:00:00,58.51400000000003,39,mist,2014-09-28 12:00:00,Sunday
2014-09-28 16:00:00,75.83000000000004,44,broken clouds,2014-09-28 16:00:00,Sunday
2014-09-28 17:00:00,78.11600000000001,32,broken clouds,2014-09-28 17:00:00,Sunday
2014-09-28 18:00:00,81.93200000000002,39,broken clouds,2014-09-28 18:00:00,Sunday
2014-09-29 01:00:00,69.33200000000002,32,broken clouds,2014-09-29 01:00:00,Monday
2014-09-29 02:00:00,67.78399999999999,14,broken clouds,2014-09-29 02:00:00,Monday
2014-09-29 03:00:00,64.86799999999998,13,broken clouds,2014-09-29 03:00:00,Monday
2014-09-29 04:00:00,64.85,12,broken clouds,2014-09-29 04:00:00,Monday
2014-09-29 07:00:00,62.81600000000001,63,mist,2014-09-29 07:00:00,Monday
2014-09-29 08:00:00,62.00600000000003,75,mist,2014-09-29 08:00:00,Monday
2014-09-29 09:00:00,61.71799999999998,59,overcast clouds,2014-09-29 09:00:00,Monday
2014-09-29 12:00:00,60.961999999999954,23,fog,2014-09-29 12:00:00,Monday
2014-09-29 16:00:00,72.75199999999998,38,broken clouds,2014-09-29 16:00:00,Monday
2014-09-29 17:00:00,76.766,33,overcast clouds,2014-09-29 17:00:00,Monday
2014-09-29 18:00:00,76.74800000000002,23,overcast clouds,2014-09-29 18:00:00,Monday
2014-09-30 01:00:00,69.54800000000003,21,overcast clouds,2014-09-30 01:00:00,Tuesday
2014-09-30 02:00:00,68.558,13,overcast clouds,2014-09-30 02:00:00,Tuesday
2014-09-30 03:00:00,67.94600000000005,12,overcast clouds,2014-09-30 03:00:00,Tuesday
2014-09-30 04:00:00,66.61400000000003,8,light rain,2014-09-30 04:00:00,Tuesday
2014-09-30 07:00:00,65.31799999999998,52,mist,2014-09-30 07:00:00,Tuesday
2014-09-30 08:00:00,64.43599999999996,93,mist,2014-09-30 08:00:00,Tuesday
2014-09-30 09:00:00,63.51799999999999,72,mist,2014-09-30 09:00:00,Tuesday
2014-09-30 12:00:00,64.02200000000003,35,mist,2014-09-30 12:00:00,Tuesday
2014-09-30 16:00:00,69.85399999999996,40,mist,2014-09-30 16:00:00,Tuesday
2014-09-30 17:00:00,70.73599999999996,45,mist,2014-09-30 17:00:00,Tuesday
2014-09-30 18:00:00,70.75399999999995,38,mist,2014-09-30 18:00:00,Tuesday
